Count_nulei,FileName_source,ImageNumber,Metadata_ID
0.0,TCGA-02-0281-01A-01-BS1_3421.png,2386,TCGA-02-0281
0.0,TCGA-02-0281-01A-01-BS1_3423.png,2387,TCGA-02-0281
0.0,TCGA-02-0281-01A-01-BS1_3424.png,2388,TCGA-02-0281
0.0,TCGA-02-0281-01A-01-BS1_3425.png,2389,TCGA-02-0281
0.0,TCGA-02-0281-01A-01-BS1_3426.png,2390,TCGA-02-0281
0.0,TCGA-02-0281-01A-01-BS1_3427.png,2391,TCGA-02-0281
0.0,TCGA-02-0281-01A-01-BS1_3428.png,2392,TCGA-02-0281
0.0,TCGA-02-0281-01A-01-BS1_3429.png,2393,TCGA-02-0281
0.0,TCGA-02-0281-01A-01-BS1_3431.png,2394,TCGA-02-0281
0.0,TCGA-02-0281-01A-01-BS1_3432.png,2395,TCGA-02-0281
0.0,TCGA-02-0281-01A-01-BS1_3434.png,2396,TCGA-02-0281
0.0,TCGA-02-0281-01A-01-BS1_3461.png,2397,TCGA-02-0281
0.0,TCGA-02-0281-01A-01-BS1_3462.png,2398,TCGA-02-0281
0.0,TCGA-02-0281-01A-01-BS1_3463.png,2399,TCGA-02-0281
0.0,TCGA-02-0281-01A-01-BS1_3464.png,2400,TCGA-02-0281
0.0,TCGA-02-0281-01A-01-TS1_1101.png,2401,TCGA-02-0281
0.0,TCGA-02-0281-01A-01-TS1_1139.png,2402,TCGA-02-0281
0.0,TCGA-02-0281-01A-01-TS1_1177.png,2403,TCGA-02-0281
0.0,TCGA-02-0281-01A-01-TS1_1215.png,2404,TCGA-02-0281
0.0,TCGA-02-0281-01A-01-TS1_1291.png,2405,TCGA-02-0281
0.0,TCGA-02-0281-01A-01-TS1_1329.png,2406,TCGA-02-0281
0.0,TCGA-02-0281-01A-01-TS1_1405.png,2407,TCGA-02-0281
37.0,TCGA-02-0281-01A-01-TS1_189.png,2408,TCGA-02-0281
17.0,TCGA-02-0281-01A-01-TS1_227.png,2409,TCGA-02-0281
0.0,TCGA-02-0281-01A-01-TS1_341.png,2410,TCGA-02-0281
0.0,TCGA-02-0281-01A-01-TS1_417.png,2411,TCGA-02-0281
0.0,TCGA-02-0281-01A-01-TS1_493.png,2412,TCGA-02-0281
0.0,TCGA-02-0281-01A-01-TS1_531.png,2413,TCGA-02-0281
0.0,TCGA-02-0281-01A-01-TS1_683.png,2414,TCGA-02-0281
0.0,TCGA-02-0281-01A-01-TS1_721.png,2415,TCGA-02-0281
131.0,TCGA-02-0281-01A-01-TS1_756.png,2416,TCGA-02-0281
12.0,TCGA-02-0281-01A-01-TS1_797.png,2417,TCGA-02-0281
0.0,TCGA-02-0281-01A-01-TS1_873.png,2418,TCGA-02-0281
0.0,TCGA-02-0281-01A-01-TS1_911.png,2419,TCGA-02-0281
0.0,TCGA-02-0281-01A-01-TS1_949.png,2420,TCGA-02-0281
1164.0,TCGA-02-0285-01A-01-BS1_040.png,2421,TCGA-02-0285
0.0,TCGA-02-0285-01A-01-BS1_3608.png,2422,TCGA-02-0285
0.0,TCGA-02-0285-01A-01-BS1_3612.png,2423,TCGA-02-0285
0.0,TCGA-02-0285-01A-01-BS1_3613.png,2424,TCGA-02-0285
0.0,TCGA-02-0285-01A-01-BS1_3614.png,2425,TCGA-02-0285
0.0,TCGA-02-0285-01A-01-BS1_3615.png,2426,TCGA-02-0285
0.0,TCGA-02-0285-01A-01-BS1_3618.png,2427,TCGA-02-0285
0.0,TCGA-02-0285-01A-01-BS1_3619.png,2428,TCGA-02-0285
0.0,TCGA-02-0285-01A-01-BS1_3620.png,2429,TCGA-02-0285
0.0,TCGA-02-0285-01A-01-BS1_3622.png,2430,TCGA-02-0285
0.0,TCGA-02-0285-01A-01-BS1_3623.png,2431,TCGA-02-0285
0.0,TCGA-02-0285-01A-01-BS1_3624.png,2432,TCGA-02-0285
0.0,TCGA-02-0285-01A-01-BS1_3626.png,2433,TCGA-02-0285
0.0,TCGA-02-0285-01A-01-BS1_3628.png,2434,TCGA-02-0285
0.0,TCGA-02-0285-01A-01-BS1_3629.png,2435,TCGA-02-0285
0.0,TCGA-02-0285-01A-01-BS1_3630.png,2436,TCGA-02-0285
0.0,TCGA-02-0285-01A-01-BS1_3635.png,2437,TCGA-02-0285
0.0,TCGA-02-0285-01A-01-BS1_3648.png,2438,TCGA-02-0285
0.0,TCGA-02-0285-01A-01-BS1_3670.png,2439,TCGA-02-0285
0.0,TCGA-02-0285-01A-01-BS1_3689.png,2440,TCGA-02-0285
658.0,TCGA-02-0285-01A-01-TS1_1698.png,2441,TCGA-02-0285
0.0,TCGA-02-0285-01A-01-TS1_3610.png,2442,TCGA-02-0285
0.0,TCGA-02-0285-01A-01-TS1_3611.png,2443,TCGA-02-0285
0.0,TCGA-02-0285-01A-01-TS1_3612.png,2444,TCGA-02-0285
0.0,TCGA-02-0285-01A-01-TS1_3615.png,2445,TCGA-02-0285
0.0,TCGA-02-0285-01A-01-TS1_3616.png,2446,TCGA-02-0285
0.0,TCGA-02-0285-01A-01-TS1_3619.png,2447,TCGA-02-0285
0.0,TCGA-02-0285-01A-01-TS1_3632.png,2448,TCGA-02-0285
0.0,TCGA-02-0285-01A-01-TS1_3633.png,2449,TCGA-02-0285
0.0,TCGA-02-0285-01A-01-TS1_3634.png,2450,TCGA-02-0285
0.0,TCGA-02-0285-01A-01-TS1_3641.png,2451,TCGA-02-0285
0.0,TCGA-02-0285-01A-01-TS1_3646.png,2452,TCGA-02-0285
0.0,TCGA-02-0285-01A-01-TS1_3654.png,2453,TCGA-02-0285
1.0,TCGA-02-0285-01A-01-TS1_3663.png,2454,TCGA-02-0285
0.0,TCGA-02-0285-01A-01-TS1_3674.png,2455,TCGA-02-0285
0.0,TCGA-02-0285-01A-01-TS1_3675.png,2456,TCGA-02-0285
0.0,TCGA-02-0285-01A-01-TS1_3680.png,2457,TCGA-02-0285
0.0,TCGA-02-0285-01A-01-TS1_3685.png,2458,TCGA-02-0285
0.0,TCGA-02-0285-01A-01-TS1_3686.png,2459,TCGA-02-0285
0.0,TCGA-02-0285-01A-01-TS1_3689.png,2460,TCGA-02-0285
0.0,TCGA-02-0289-01A-01-BS1_035.png,2461,TCGA-02-0289
0.0,TCGA-02-0289-01A-01-BS1_089.png,2462,TCGA-02-0289
0.0,TCGA-02-0289-01A-01-BS1_125.png,2463,TCGA-02-0289
4.0,TCGA-02-0289-01A-01-BS1_143.png,2464,TCGA-02-0289
0.0,TCGA-02-0289-01A-01-BS1_161.png,2465,TCGA-02-0289
0.0,TCGA-02-0289-01A-01-BS1_179.png,2466,TCGA-02-0289
5.0,TCGA-02-0289-01A-01-BS1_197.png,2467,TCGA-02-0289
10.0,TCGA-02-0289-01A-01-BS1_215.png,2468,TCGA-02-0289
1.0,TCGA-02-0289-01A-01-BS1_233.png,2469,TCGA-02-0289
332.0,TCGA-02-0289-01A-01-BS1_248.png,2470,TCGA-02-0289
0.0,TCGA-02-0289-01A-01-BS1_251.png,2471,TCGA-02-0289
0.0,TCGA-02-0289-01A-01-BS1_269.png,2472,TCGA-02-0289
2.0,TCGA-02-0289-01A-01-BS1_287.png,2473,TCGA-02-0289
2.0,TCGA-02-0289-01A-01-BS1_323.png,2474,TCGA-02-0289
0.0,TCGA-02-0289-01A-01-BS1_377.png,2475,TCGA-02-0289
0.0,TCGA-02-0289-01A-01-BS1_413.png,2476,TCGA-02-0289
0.0,TCGA-02-0289-01A-01-BS1_431.png,2477,TCGA-02-0289
0.0,TCGA-02-0289-01A-01-BS1_449.png,2478,TCGA-02-0289
0.0,TCGA-02-0289-01A-01-BS1_485.png,2479,TCGA-02-0289
0.0,TCGA-02-0289-01A-01-BS1_503.png,2480,TCGA-02-0289
0.0,TCGA-02-0289-01A-01-TS1_3609.png,2481,TCGA-02-0289
0.0,TCGA-02-0289-01A-01-TS1_3610.png,2482,TCGA-02-0289
0.0,TCGA-02-0289-01A-01-TS1_3611.png,2483,TCGA-02-0289
0.0,TCGA-02-0289-01A-01-TS1_3612.png,2484,TCGA-02-0289
0.0,TCGA-02-0289-01A-01-TS1_3614.png,2485,TCGA-02-0289
0.0,TCGA-02-0289-01A-01-TS1_3615.png,2486,TCGA-02-0289
0.0,TCGA-02-0289-01A-01-TS1_3616.png,2487,TCGA-02-0289
0.0,TCGA-02-0289-01A-01-TS1_3617.png,2488,TCGA-02-0289
0.0,TCGA-02-0289-01A-01-TS1_3618.png,2489,TCGA-02-0289
0.0,TCGA-02-0289-01A-01-TS1_3619.png,2490,TCGA-02-0289
0.0,TCGA-02-0289-01A-01-TS1_3620.png,2491,TCGA-02-0289
0.0,TCGA-02-0289-01A-01-TS1_3622.png,2492,TCGA-02-0289
0.0,TCGA-02-0289-01A-01-TS1_3624.png,2493,TCGA-02-0289
0.0,TCGA-02-0289-01A-01-TS1_3625.png,2494,TCGA-02-0289
0.0,TCGA-02-0289-01A-01-TS1_3627.png,2495,TCGA-02-0289
0.0,TCGA-02-0289-01A-01-TS1_3631.png,2496,TCGA-02-0289
0.0,TCGA-02-0289-01A-01-TS1_3640.png,2497,TCGA-02-0289
0.0,TCGA-02-0289-01A-01-TS1_3652.png,2498,TCGA-02-0289
0.0,TCGA-02-0289-01A-01-TS1_3653.png,2499,TCGA-02-0289
0.0,TCGA-02-0289-01A-01-TS1_3689.png,2500,TCGA-02-0289
11.0,TCGA-02-0290-01A-01-BS1_076.png,2501,TCGA-02-0290
0.0,TCGA-02-0290-01A-01-BS1_3389.png,2502,TCGA-02-0290
0.0,TCGA-02-0290-01A-01-BS1_3391.png,2503,TCGA-02-0290
0.0,TCGA-02-0290-01A-01-BS1_3407.png,2504,TCGA-02-0290
0.0,TCGA-02-0290-01A-01-BS1_3414.png,2505,TCGA-02-0290
0.0,TCGA-02-0290-01A-01-BS1_3415.png,2506,TCGA-02-0290
0.0,TCGA-02-0290-01A-01-BS1_3416.png,2507,TCGA-02-0290
0.0,TCGA-02-0290-01A-01-BS1_3417.png,2508,TCGA-02-0290
0.0,TCGA-02-0290-01A-01-BS1_3419.png,2509,TCGA-02-0290
0.0,TCGA-02-0290-01A-01-BS1_3420.png,2510,TCGA-02-0290
0.0,TCGA-02-0290-01A-01-BS1_3421.png,2511,TCGA-02-0290
0.0,TCGA-02-0290-01A-01-BS1_3423.png,2512,TCGA-02-0290
0.0,TCGA-02-0290-01A-01-BS1_3424.png,2513,TCGA-02-0290
0.0,TCGA-02-0290-01A-01-BS1_3429.png,2514,TCGA-02-0290
0.0,TCGA-02-0290-01A-01-BS1_3459.png,2515,TCGA-02-0290
0.0,TCGA-02-0290-01A-01-BS1_3460.png,2516,TCGA-02-0290
0.0,TCGA-02-0290-01A-01-BS1_3461.png,2517,TCGA-02-0290
0.0,TCGA-02-0290-01A-01-BS1_3462.png,2518,TCGA-02-0290
0.0,TCGA-02-0290-01A-01-BS1_3463.png,2519,TCGA-02-0290
0.0,TCGA-02-0290-01A-01-BS1_3464.png,2520,TCGA-02-0290
0.0,TCGA-02-0290-01A-01-TS1_672.png,2521,TCGA-02-0290
0.0,TCGA-02-0290-01A-01-TS1_673.png,2522,TCGA-02-0290
0.0,TCGA-02-0290-01A-01-TS1_674.png,2523,TCGA-02-0290
0.0,TCGA-02-0290-01A-01-TS1_675.png,2524,TCGA-02-0290
0.0,TCGA-02-0290-01A-01-TS1_676.png,2525,TCGA-02-0290
0.0,TCGA-02-0290-01A-01-TS1_677.png,2526,TCGA-02-0290
0.0,TCGA-02-0290-01A-01-TS1_678.png,2527,TCGA-02-0290
0.0,TCGA-02-0290-01A-01-TS1_679.png,2528,TCGA-02-0290
1.0,TCGA-02-0290-01A-01-TS1_680.png,2529,TCGA-02-0290
0.0,TCGA-02-0290-01A-01-TS1_681.png,2530,TCGA-02-0290
0.0,TCGA-02-0290-01A-01-TS1_682.png,2531,TCGA-02-0290
0.0,TCGA-02-0290-01A-01-TS1_683.png,2532,TCGA-02-0290
0.0,TCGA-02-0290-01A-01-TS1_684.png,2533,TCGA-02-0290
0.0,TCGA-02-0290-01A-01-TS1_686.png,2534,TCGA-02-0290
0.0,TCGA-02-0290-01A-01-TS1_687.png,2535,TCGA-02-0290
0.0,TCGA-02-0290-01A-01-TS1_688.png,2536,TCGA-02-0290
0.0,TCGA-02-0290-01A-01-TS1_692.png,2537,TCGA-02-0290
0.0,TCGA-02-0290-01A-01-TS1_693.png,2538,TCGA-02-0290
0.0,TCGA-02-0290-01A-01-TS1_694.png,2539,TCGA-02-0290
0.0,TCGA-02-0290-01A-01-TS1_695.png,2540,TCGA-02-0290
0.0,TCGA-02-0317-01A-01-BS1_874.png,2541,TCGA-02-0317
0.0,TCGA-02-0317-01A-01-BS1_876.png,2542,TCGA-02-0317
0.0,TCGA-02-0317-01A-01-BS1_877.png,2543,TCGA-02-0317
0.0,TCGA-02-0317-01A-01-BS1_879.png,2544,TCGA-02-0317
0.0,TCGA-02-0317-01A-01-BS1_880.png,2545,TCGA-02-0317
0.0,TCGA-02-0317-01A-01-BS1_881.png,2546,TCGA-02-0317
0.0,TCGA-02-0317-01A-01-BS1_882.png,2547,TCGA-02-0317
0.0,TCGA-02-0317-01A-01-BS1_884.png,2548,TCGA-02-0317
0.0,TCGA-02-0317-01A-01-BS1_886.png,2549,TCGA-02-0317
0.0,TCGA-02-0317-01A-01-BS1_887.png,2550,TCGA-02-0317
0.0,TCGA-02-0317-01A-01-BS1_888.png,2551,TCGA-02-0317
0.0,TCGA-02-0317-01A-01-BS1_889.png,2552,TCGA-02-0317
0.0,TCGA-02-0317-01A-01-BS1_890.png,2553,TCGA-02-0317
0.0,TCGA-02-0317-01A-01-BS1_892.png,2554,TCGA-02-0317
0.0,TCGA-02-0317-01A-01-BS1_894.png,2555,TCGA-02-0317
0.0,TCGA-02-0317-01A-01-BS1_895.png,2556,TCGA-02-0317
0.0,TCGA-02-0317-01A-01-BS1_896.png,2557,TCGA-02-0317
0.0,TCGA-02-0317-01A-01-BS1_897.png,2558,TCGA-02-0317
0.0,TCGA-02-0317-01A-01-BS1_898.png,2559,TCGA-02-0317
0.0,TCGA-02-0317-01A-01-BS1_899.png,2560,TCGA-02-0317
1502.0,TCGA-02-0317-01A-01-TS1_1186.png,2561,TCGA-02-0317
1703.0,TCGA-02-0317-01A-01-TS1_1187.png,2562,TCGA-02-0317
1546.0,TCGA-02-0317-01A-01-TS1_1188.png,2563,TCGA-02-0317
1216.0,TCGA-02-0317-01A-01-TS1_1233.png,2564,TCGA-02-0317
1184.0,TCGA-02-0317-01A-01-TS1_1234.png,2565,TCGA-02-0317
1347.0,TCGA-02-0317-01A-01-TS1_1271.png,2566,TCGA-02-0317
1436.0,TCGA-02-0317-01A-01-TS1_1273.png,2567,TCGA-02-0317
1849.0,TCGA-02-0317-01A-01-TS1_1274.png,2568,TCGA-02-0317
1709.0,TCGA-02-0317-01A-01-TS1_1311.png,2569,TCGA-02-0317
1581.0,TCGA-02-0317-01A-01-TS1_1312.png,2570,TCGA-02-0317
3.0,TCGA-02-0317-01A-01-TS1_1596.png,2571,TCGA-02-0317
1.0,TCGA-02-0317-01A-01-TS1_1598.png,2572,TCGA-02-0317
1.0,TCGA-02-0317-01A-01-TS1_1600.png,2573,TCGA-02-0317
0.0,TCGA-02-0317-01A-01-TS1_1627.png,2574,TCGA-02-0317
0.0,TCGA-02-0317-01A-01-TS1_1633.png,2575,TCGA-02-0317
1617.0,TCGA-02-0317-01A-01-TS1_933.png,2576,TCGA-02-0317
1626.0,TCGA-02-0317-01A-01-TS1_934.png,2577,TCGA-02-0317
1163.0,TCGA-02-0317-01A-01-TS1_935.png,2578,TCGA-02-0317
1515.0,TCGA-02-0317-01A-01-TS1_977.png,2579,TCGA-02-0317
1318.0,TCGA-02-0317-01A-01-TS1_978.png,2580,TCGA-02-0317
232.0,TCGA-02-0321-01A-01-BS1_220.png,2581,TCGA-02-0321
165.0,TCGA-02-0321-01A-01-BS1_331.png,2582,TCGA-02-0321
27.0,TCGA-02-0321-01A-01-BS1_353.png,2583,TCGA-02-0321
19.0,TCGA-02-0321-01A-01-BS1_375.png,2584,TCGA-02-0321
31.0,TCGA-02-0321-01A-01-BS1_419.png,2585,TCGA-02-0321
138.0,TCGA-02-0321-01A-01-BS1_420.png,2586,TCGA-02-0321
10.0,TCGA-02-0321-01A-01-BS1_441.png,2587,TCGA-02-0321
160.0,TCGA-02-0321-01A-01-BS1_442.png,2588,TCGA-02-0321
469.0,TCGA-02-0321-01A-01-BS1_443.png,2589,TCGA-02-0321
36.0,TCGA-02-0321-01A-01-BS1_464.png,2590,TCGA-02-0321
410.0,TCGA-02-0321-01A-01-BS1_465.png,2591,TCGA-02-0321
54.0,TCGA-02-0321-01A-01-BS1_486.png,2592,TCGA-02-0321
512.0,TCGA-02-0321-01A-01-BS1_487.png,2593,TCGA-02-0321
62.0,TCGA-02-0321-01A-01-BS1_508.png,2594,TCGA-02-0321
435.0,TCGA-02-0321-01A-01-BS1_509.png,2595,TCGA-02-0321
40.0,TCGA-02-0321-01A-01-BS1_529.png,2596,TCGA-02-0321
484.0,TCGA-02-0321-01A-01-BS1_530.png,2597,TCGA-02-0321
553.0,TCGA-02-0321-01A-01-BS1_552.png,2598,TCGA-02-0321
4.0,TCGA-02-0321-01A-01-BS1_637.png,2599,TCGA-02-0321
0.0,TCGA-02-0321-01A-01-BS1_769.png,2600,TCGA-02-0321
0.0,TCGA-02-0321-01A-01-TS1_167.png,2601,TCGA-02-0321
1745.0,TCGA-02-0321-01A-01-TS1_228.png,2602,TCGA-02-0321
365.0,TCGA-02-0321-01A-01-TS1_330.png,2603,TCGA-02-0321
186.0,TCGA-02-0321-01A-01-TS1_403.png,2604,TCGA-02-0321
75.0,TCGA-02-0321-01A-01-TS1_427.png,2605,TCGA-02-0321
10.0,TCGA-02-0321-01A-01-TS1_451.png,2606,TCGA-02-0321
17.0,TCGA-02-0321-01A-01-TS1_452.png,2607,TCGA-02-0321
1.0,TCGA-02-0321-01A-01-TS1_455.png,2608,TCGA-02-0321
18.0,TCGA-02-0321-01A-01-TS1_475.png,2609,TCGA-02-0321
1.0,TCGA-02-0321-01A-01-TS1_476.png,2610,TCGA-02-0321
3.0,TCGA-02-0321-01A-01-TS1_479.png,2611,TCGA-02-0321
133.0,TCGA-02-0321-01A-01-TS1_499.png,2612,TCGA-02-0321
1.0,TCGA-02-0321-01A-01-TS1_503.png,2613,TCGA-02-0321
0.0,TCGA-02-0321-01A-01-TS1_527.png,2614,TCGA-02-0321
97.0,TCGA-02-0321-01A-01-TS1_548.png,2615,TCGA-02-0321
0.0,TCGA-02-0321-01A-01-TS1_551.png,2616,TCGA-02-0321
276.0,TCGA-02-0321-01A-01-TS1_572.png,2617,TCGA-02-0321
1.0,TCGA-02-0321-01A-01-TS1_647.png,2618,TCGA-02-0321
1.0,TCGA-02-0321-01A-01-TS1_767.png,2619,TCGA-02-0321
0.0,TCGA-02-0321-01A-01-TS1_815.png,2620,TCGA-02-0321
0.0,TCGA-02-0324-01A-01-BS1_1977.png,2621,TCGA-02-0324
0.0,TCGA-02-0324-01A-01-BS1_1979.png,2622,TCGA-02-0324
0.0,TCGA-02-0324-01A-01-BS1_1980.png,2623,TCGA-02-0324
1.0,TCGA-02-0324-01A-01-BS1_1981.png,2624,TCGA-02-0324
1.0,TCGA-02-0324-01A-01-BS1_1982.png,2625,TCGA-02-0324
0.0,TCGA-02-0324-01A-01-BS1_1983.png,2626,TCGA-02-0324
0.0,TCGA-02-0324-01A-01-BS1_1984.png,2627,TCGA-02-0324
1.0,TCGA-02-0324-01A-01-BS1_1985.png,2628,TCGA-02-0324
0.0,TCGA-02-0324-01A-01-BS1_1986.png,2629,TCGA-02-0324
0.0,TCGA-02-0324-01A-01-BS1_1987.png,2630,TCGA-02-0324
0.0,TCGA-02-0324-01A-01-BS1_1988.png,2631,TCGA-02-0324
0.0,TCGA-02-0324-01A-01-BS1_1989.png,2632,TCGA-02-0324
0.0,TCGA-02-0324-01A-01-BS1_1990.png,2633,TCGA-02-0324
0.0,TCGA-02-0324-01A-01-BS1_1991.png,2634,TCGA-02-0324
0.0,TCGA-02-0324-01A-01-BS1_1992.png,2635,TCGA-02-0324
0.0,TCGA-02-0324-01A-01-BS1_1998.png,2636,TCGA-02-0324
0.0,TCGA-02-0324-01A-01-BS1_1999.png,2637,TCGA-02-0324
0.0,TCGA-02-0324-01A-01-BS1_2020.png,2638,TCGA-02-0324
732.0,TCGA-02-0324-01A-01-BS1_546.png,2639,TCGA-02-0324
762.0,TCGA-02-0324-01A-01-BS1_593.png,2640,TCGA-02-0324
0.0,TCGA-02-0324-01A-01-TS1_145.png,2641,TCGA-02-0324
0.0,TCGA-02-0324-01A-01-TS1_2408.png,2642,TCGA-02-0324
0.0,TCGA-02-0324-01A-01-TS1_2481.png,2643,TCGA-02-0324
0.0,TCGA-02-0324-01A-01-TS1_2554.png,2644,TCGA-02-0324
0.0,TCGA-02-0324-01A-01-TS1_2627.png,2645,TCGA-02-0324
0.0,TCGA-02-0324-01A-01-TS1_2700.png,2646,TCGA-02-0324
0.0,TCGA-02-0324-01A-01-TS1_2773.png,2647,TCGA-02-0324
0.0,TCGA-02-0324-01A-01-TS1_2846.png,2648,TCGA-02-0324
0.0,TCGA-02-0324-01A-01-TS1_2919.png,2649,TCGA-02-0324
0.0,TCGA-02-0324-01A-01-TS1_2992.png,2650,TCGA-02-0324
0.0,TCGA-02-0324-01A-01-TS1_3065.png,2651,TCGA-02-0324
0.0,TCGA-02-0324-01A-01-TS1_3138.png,2652,TCGA-02-0324
0.0,TCGA-02-0324-01A-01-TS1_437.png,2653,TCGA-02-0324
0.0,TCGA-02-0324-01A-01-TS1_510.png,2654,TCGA-02-0324
0.0,TCGA-02-0324-01A-01-TS1_583.png,2655,TCGA-02-0324
0.0,TCGA-02-0324-01A-01-TS1_656.png,2656,TCGA-02-0324
0.0,TCGA-02-0324-01A-01-TS1_729.png,2657,TCGA-02-0324
0.0,TCGA-02-0324-01A-01-TS1_802.png,2658,TCGA-02-0324
0.0,TCGA-02-0324-01A-01-TS1_875.png,2659,TCGA-02-0324
0.0,TCGA-02-0324-01A-01-TS1_948.png,2660,TCGA-02-0324
0.0,TCGA-02-0325-01A-01-BS1_1359.png,2661,TCGA-02-0325
0.0,TCGA-02-0325-01A-01-BS1_359.png,2662,TCGA-02-0325
0.0,TCGA-02-0325-01A-01-BS1_399.png,2663,TCGA-02-0325
0.0,TCGA-02-0325-01A-01-BS1_439.png,2664,TCGA-02-0325
0.0,TCGA-02-0325-01A-01-BS1_479.png,2665,TCGA-02-0325
25.0,TCGA-02-0325-01A-01-BS1_515.png,2666,TCGA-02-0325
0.0,TCGA-02-0325-01A-01-BS1_516.png,2667,TCGA-02-0325
0.0,TCGA-02-0325-01A-01-BS1_519.png,2668,TCGA-02-0325
0.0,TCGA-02-0325-01A-01-BS1_559.png,2669,TCGA-02-0325
0.0,TCGA-02-0325-01A-01-BS1_599.png,2670,TCGA-02-0325
0.0,TCGA-02-0325-01A-01-BS1_639.png,2671,TCGA-02-0325
0.0,TCGA-02-0325-01A-01-BS1_679.png,2672,TCGA-02-0325
0.0,TCGA-02-0325-01A-01-BS1_719.png,2673,TCGA-02-0325
0.0,TCGA-02-0325-01A-01-BS1_759.png,2674,TCGA-02-0325
0.0,TCGA-02-0325-01A-01-BS1_799.png,2675,TCGA-02-0325
0.0,TCGA-02-0325-01A-01-BS1_839.png,2676,TCGA-02-0325
0.0,TCGA-02-0325-01A-01-BS1_879.png,2677,TCGA-02-0325
0.0,TCGA-02-0325-01A-01-BS1_919.png,2678,TCGA-02-0325
0.0,TCGA-02-0325-01A-01-BS1_959.png,2679,TCGA-02-0325
0.0,TCGA-02-0325-01A-01-BS1_999.png,2680,TCGA-02-0325
61.0,TCGA-02-0325-01A-01-TS1_1042.png,2681,TCGA-02-0325
49.0,TCGA-02-0325-01A-01-TS1_1085.png,2682,TCGA-02-0325
0.0,TCGA-02-0325-01A-01-TS1_1686.png,2683,TCGA-02-0325
0.0,TCGA-02-0325-01A-01-TS1_1692.png,2684,TCGA-02-0325
1.0,TCGA-02-0325-01A-01-TS1_1698.png,2685,TCGA-02-0325
0.0,TCGA-02-0325-01A-01-TS1_1699.png,2686,TCGA-02-0325
0.0,TCGA-02-0325-01A-01-TS1_1700.png,2687,TCGA-02-0325
0.0,TCGA-02-0325-01A-01-TS1_1701.png,2688,TCGA-02-0325
0.0,TCGA-02-0325-01A-01-TS1_1707.png,2689,TCGA-02-0325
0.0,TCGA-02-0325-01A-01-TS1_1708.png,2690,TCGA-02-0325
0.0,TCGA-02-0325-01A-01-TS1_1709.png,2691,TCGA-02-0325
0.0,TCGA-02-0325-01A-01-TS1_1710.png,2692,TCGA-02-0325
0.0,TCGA-02-0325-01A-01-TS1_1712.png,2693,TCGA-02-0325
0.0,TCGA-02-0325-01A-01-TS1_1713.png,2694,TCGA-02-0325
0.0,TCGA-02-0325-01A-01-TS1_1714.png,2695,TCGA-02-0325
0.0,TCGA-02-0325-01A-01-TS1_1715.png,2696,TCGA-02-0325
0.0,TCGA-02-0325-01A-01-TS1_1716.png,2697,TCGA-02-0325
0.0,TCGA-02-0325-01A-01-TS1_1717.png,2698,TCGA-02-0325
0.0,TCGA-02-0325-01A-01-TS1_1718.png,2699,TCGA-02-0325
0.0,TCGA-02-0325-01A-01-TS1_1719.png,2700,TCGA-02-0325
29.0,TCGA-02-0326-01A-01-BS1_346.png,2701,TCGA-02-0326
0.0,TCGA-02-0326-01A-01-BS1_347.png,2702,TCGA-02-0326
0.0,TCGA-02-0326-01A-01-BS1_378.png,2703,TCGA-02-0326
0.0,TCGA-02-0326-01A-01-BS1_900.png,2704,TCGA-02-0326
0.0,TCGA-02-0326-01A-01-BS1_902.png,2705,TCGA-02-0326
0.0,TCGA-02-0326-01A-01-BS1_903.png,2706,TCGA-02-0326
0.0,TCGA-02-0326-01A-01-BS1_904.png,2707,TCGA-02-0326
0.0,TCGA-02-0326-01A-01-BS1_905.png,2708,TCGA-02-0326
0.0,TCGA-02-0326-01A-01-BS1_908.png,2709,TCGA-02-0326
0.0,TCGA-02-0326-01A-01-BS1_910.png,2710,TCGA-02-0326
0.0,TCGA-02-0326-01A-01-BS1_916.png,2711,TCGA-02-0326
1.0,TCGA-02-0326-01A-01-BS1_917.png,2712,TCGA-02-0326
0.0,TCGA-02-0326-01A-01-BS1_918.png,2713,TCGA-02-0326
0.0,TCGA-02-0326-01A-01-BS1_920.png,2714,TCGA-02-0326
0.0,TCGA-02-0326-01A-01-BS1_922.png,2715,TCGA-02-0326
0.0,TCGA-02-0326-01A-01-BS1_923.png,2716,TCGA-02-0326
0.0,TCGA-02-0326-01A-01-BS1_924.png,2717,TCGA-02-0326
0.0,TCGA-02-0326-01A-01-BS1_925.png,2718,TCGA-02-0326
0.0,TCGA-02-0326-01A-01-BS1_926.png,2719,TCGA-02-0326
0.0,TCGA-02-0326-01A-01-BS1_927.png,2720,TCGA-02-0326
858.0,TCGA-02-0326-01A-01-TS1_226.png,2721,TCGA-02-0326
93.0,TCGA-02-0326-01A-01-TS1_227.png,2722,TCGA-02-0326
553.0,TCGA-02-0326-01A-01-TS1_253.png,2723,TCGA-02-0326
686.0,TCGA-02-0326-01A-01-TS1_254.png,2724,TCGA-02-0326
893.0,TCGA-02-0326-01A-01-TS1_280.png,2725,TCGA-02-0326
0.0,TCGA-02-0326-01A-01-TS1_702.png,2726,TCGA-02-0326
0.0,TCGA-02-0326-01A-01-TS1_706.png,2727,TCGA-02-0326
0.0,TCGA-02-0326-01A-01-TS1_708.png,2728,TCGA-02-0326
0.0,TCGA-02-0326-01A-01-TS1_710.png,2729,TCGA-02-0326
0.0,TCGA-02-0326-01A-01-TS1_711.png,2730,TCGA-02-0326
0.0,TCGA-02-0326-01A-01-TS1_712.png,2731,TCGA-02-0326
0.0,TCGA-02-0326-01A-01-TS1_714.png,2732,TCGA-02-0326
0.0,TCGA-02-0326-01A-01-TS1_715.png,2733,TCGA-02-0326
0.0,TCGA-02-0326-01A-01-TS1_716.png,2734,TCGA-02-0326
0.0,TCGA-02-0326-01A-01-TS1_717.png,2735,TCGA-02-0326
0.0,TCGA-02-0326-01A-01-TS1_718.png,2736,TCGA-02-0326
0.0,TCGA-02-0326-01A-01-TS1_719.png,2737,TCGA-02-0326
0.0,TCGA-02-0326-01A-01-TS1_720.png,2738,TCGA-02-0326
0.0,TCGA-02-0326-01A-01-TS1_721.png,2739,TCGA-02-0326
0.0,TCGA-02-0326-01A-01-TS1_727.png,2740,TCGA-02-0326
0.0,TCGA-02-0329-01A-01-BS1_039.png,2741,TCGA-02-0329
0.0,TCGA-02-0329-01A-01-BS1_1039.png,2742,TCGA-02-0329
0.0,TCGA-02-0329-01A-01-BS1_1079.png,2743,TCGA-02-0329
0.0,TCGA-02-0329-01A-01-BS1_1239.png,2744,TCGA-02-0329
0.0,TCGA-02-0329-01A-01-BS1_1439.png,2745,TCGA-02-0329
0.0,TCGA-02-0329-01A-01-BS1_1519.png,2746,TCGA-02-0329
0.0,TCGA-02-0329-01A-01-BS1_159.png,2747,TCGA-02-0329
0.0,TCGA-02-0329-01A-01-BS1_1679.png,2748,TCGA-02-0329
0.0,TCGA-02-0329-01A-01-BS1_199.png,2749,TCGA-02-0329
0.0,TCGA-02-0329-01A-01-BS1_319.png,2750,TCGA-02-0329
0.0,TCGA-02-0329-01A-01-BS1_359.png,2751,TCGA-02-0329
0.0,TCGA-02-0329-01A-01-BS1_399.png,2752,TCGA-02-0329
0.0,TCGA-02-0329-01A-01-BS1_719.png,2753,TCGA-02-0329
0.0,TCGA-02-0329-01A-01-BS1_759.png,2754,TCGA-02-0329
0.0,TCGA-02-0329-01A-01-BS1_799.png,2755,TCGA-02-0329
0.0,TCGA-02-0329-01A-01-BS1_839.png,2756,TCGA-02-0329
0.0,TCGA-02-0329-01A-01-BS1_879.png,2757,TCGA-02-0329
0.0,TCGA-02-0329-01A-01-BS1_919.png,2758,TCGA-02-0329
0.0,TCGA-02-0329-01A-01-BS1_959.png,2759,TCGA-02-0329
0.0,TCGA-02-0329-01A-01-BS1_999.png,2760,TCGA-02-0329
0.0,TCGA-02-0329-01A-01-TS1_729.png,2761,TCGA-02-0329
0.0,TCGA-02-0329-01A-01-TS1_731.png,2762,TCGA-02-0329
0.0,TCGA-02-0329-01A-01-TS1_733.png,2763,TCGA-02-0329
0.0,TCGA-02-0329-01A-01-TS1_734.png,2764,TCGA-02-0329
0.0,TCGA-02-0329-01A-01-TS1_735.png,2765,TCGA-02-0329
3.0,TCGA-02-0329-01A-01-TS1_737.png,2766,TCGA-02-0329
0.0,TCGA-02-0329-01A-01-TS1_738.png,2767,TCGA-02-0329
0.0,TCGA-02-0329-01A-01-TS1_739.png,2768,TCGA-02-0329
0.0,TCGA-02-0329-01A-01-TS1_740.png,2769,TCGA-02-0329
0.0,TCGA-02-0329-01A-01-TS1_741.png,2770,TCGA-02-0329
0.0,TCGA-02-0329-01A-01-TS1_742.png,2771,TCGA-02-0329
0.0,TCGA-02-0329-01A-01-TS1_743.png,2772,TCGA-02-0329
0.0,TCGA-02-0329-01A-01-TS1_746.png,2773,TCGA-02-0329
0.0,TCGA-02-0329-01A-01-TS1_748.png,2774,TCGA-02-0329
0.0,TCGA-02-0329-01A-01-TS1_749.png,2775,TCGA-02-0329
0.0,TCGA-02-0329-01A-01-TS1_751.png,2776,TCGA-02-0329
0.0,TCGA-02-0329-01A-01-TS1_752.png,2777,TCGA-02-0329
0.0,TCGA-02-0329-01A-01-TS1_753.png,2778,TCGA-02-0329
0.0,TCGA-02-0329-01A-01-TS1_754.png,2779,TCGA-02-0329
0.0,TCGA-02-0329-01A-01-TS1_755.png,2780,TCGA-02-0329
0.0,TCGA-02-0330-01A-01-BS1_095.png,2781,TCGA-02-0330
0.0,TCGA-02-0330-01A-01-BS1_223.png,2782,TCGA-02-0330
0.0,TCGA-02-0330-01A-01-BS1_319.png,2783,TCGA-02-0330
0.0,TCGA-02-0330-01A-01-BS1_383.png,2784,TCGA-02-0330
0.0,TCGA-02-0330-01A-01-BS1_447.png,2785,TCGA-02-0330
0.0,TCGA-02-0330-01A-01-BS1_511.png,2786,TCGA-02-0330
0.0,TCGA-02-0330-01A-01-BS1_543.png,2787,TCGA-02-0330
0.0,TCGA-02-0330-01A-01-BS1_575.png,2788,TCGA-02-0330
0.0,TCGA-02-0330-01A-01-BS1_639.png,2789,TCGA-02-0330
0.0,TCGA-02-0330-01A-01-BS1_671.png,2790,TCGA-02-0330
0.0,TCGA-02-0330-01A-01-BS1_703.png,2791,TCGA-02-0330
0.0,TCGA-02-0330-01A-01-BS1_735.png,2792,TCGA-02-0330
0.0,TCGA-02-0330-01A-01-BS1_767.png,2793,TCGA-02-0330
1561.0,TCGA-02-0330-01A-01-BS1_785.png,2794,TCGA-02-0330
0.0,TCGA-02-0330-01A-01-BS1_799.png,2795,TCGA-02-0330
0.0,TCGA-02-0330-01A-01-BS1_831.png,2796,TCGA-02-0330
0.0,TCGA-02-0330-01A-01-BS1_863.png,2797,TCGA-02-0330
0.0,TCGA-02-0330-01A-01-BS1_895.png,2798,TCGA-02-0330
0.0,TCGA-02-0330-01A-01-BS1_927.png,2799,TCGA-02-0330
0.0,TCGA-02-0330-01A-01-BS1_959.png,2800,TCGA-02-0330
0.0,TCGA-02-0330-01A-01-TS1_1079.png,2801,TCGA-02-0330
0.0,TCGA-02-0330-01A-01-TS1_1159.png,2802,TCGA-02-0330
0.0,TCGA-02-0330-01A-01-TS1_1559.png,2803,TCGA-02-0330
0.0,TCGA-02-0330-01A-01-TS1_359.png,2804,TCGA-02-0330
0.0,TCGA-02-0330-01A-01-TS1_399.png,2805,TCGA-02-0330
0.0,TCGA-02-0330-01A-01-TS1_439.png,2806,TCGA-02-0330
0.0,TCGA-02-0330-01A-01-TS1_479.png,2807,TCGA-02-0330
0.0,TCGA-02-0330-01A-01-TS1_519.png,2808,TCGA-02-0330
0.0,TCGA-02-0330-01A-01-TS1_559.png,2809,TCGA-02-0330
0.0,TCGA-02-0330-01A-01-TS1_599.png,2810,TCGA-02-0330
0.0,TCGA-02-0330-01A-01-TS1_639.png,2811,TCGA-02-0330
0.0,TCGA-02-0330-01A-01-TS1_679.png,2812,TCGA-02-0330
0.0,TCGA-02-0330-01A-01-TS1_719.png,2813,TCGA-02-0330
0.0,TCGA-02-0330-01A-01-TS1_759.png,2814,TCGA-02-0330
0.0,TCGA-02-0330-01A-01-TS1_799.png,2815,TCGA-02-0330
0.0,TCGA-02-0330-01A-01-TS1_839.png,2816,TCGA-02-0330
0.0,TCGA-02-0330-01A-01-TS1_879.png,2817,TCGA-02-0330
0.0,TCGA-02-0330-01A-01-TS1_919.png,2818,TCGA-02-0330
0.0,TCGA-02-0330-01A-01-TS1_959.png,2819,TCGA-02-0330
0.0,TCGA-02-0330-01A-01-TS1_999.png,2820,TCGA-02-0330
131.0,TCGA-02-0332-01A-01-BS1_070.png,2821,TCGA-02-0332
0.0,TCGA-02-0332-01A-01-BS1_581.png,2822,TCGA-02-0332
0.0,TCGA-02-0332-01A-01-BS1_582.png,2823,TCGA-02-0332
0.0,TCGA-02-0332-01A-01-BS1_583.png,2824,TCGA-02-0332
0.0,TCGA-02-0332-01A-01-BS1_584.png,2825,TCGA-02-0332
0.0,TCGA-02-0332-01A-01-BS1_585.png,2826,TCGA-02-0332
0.0,TCGA-02-0332-01A-01-BS1_586.png,2827,TCGA-02-0332
0.0,TCGA-02-0332-01A-01-BS1_587.png,2828,TCGA-02-0332
0.0,TCGA-02-0332-01A-01-BS1_588.png,2829,TCGA-02-0332
0.0,TCGA-02-0332-01A-01-BS1_589.png,2830,TCGA-02-0332
0.0,TCGA-02-0332-01A-01-BS1_590.png,2831,TCGA-02-0332
0.0,TCGA-02-0332-01A-01-BS1_591.png,2832,TCGA-02-0332
0.0,TCGA-02-0332-01A-01-BS1_592.png,2833,TCGA-02-0332
0.0,TCGA-02-0332-01A-01-BS1_593.png,2834,TCGA-02-0332
0.0,TCGA-02-0332-01A-01-BS1_594.png,2835,TCGA-02-0332
0.0,TCGA-02-0332-01A-01-BS1_595.png,2836,TCGA-02-0332
0.0,TCGA-02-0332-01A-01-BS1_596.png,2837,TCGA-02-0332
0.0,TCGA-02-0332-01A-01-BS1_597.png,2838,TCGA-02-0332
0.0,TCGA-02-0332-01A-01-BS1_598.png,2839,TCGA-02-0332
0.0,TCGA-02-0332-01A-01-BS1_599.png,2840,TCGA-02-0332
0.0,TCGA-02-0332-01A-01-TS1_051.png,2841,TCGA-02-0332
19.0,TCGA-02-0332-01A-01-TS1_061.png,2842,TCGA-02-0332
0.0,TCGA-02-0332-01A-01-TS1_077.png,2843,TCGA-02-0332
0.0,TCGA-02-0332-01A-01-TS1_103.png,2844,TCGA-02-0332
0.0,TCGA-02-0332-01A-01-TS1_129.png,2845,TCGA-02-0332
0.0,TCGA-02-0332-01A-01-TS1_155.png,2846,TCGA-02-0332
0.0,TCGA-02-0332-01A-01-TS1_181.png,2847,TCGA-02-0332
0.0,TCGA-02-0332-01A-01-TS1_207.png,2848,TCGA-02-0332
0.0,TCGA-02-0332-01A-01-TS1_259.png,2849,TCGA-02-0332
0.0,TCGA-02-0332-01A-01-TS1_285.png,2850,TCGA-02-0332
0.0,TCGA-02-0332-01A-01-TS1_311.png,2851,TCGA-02-0332
0.0,TCGA-02-0332-01A-01-TS1_337.png,2852,TCGA-02-0332
0.0,TCGA-02-0332-01A-01-TS1_363.png,2853,TCGA-02-0332
442.0,TCGA-02-0332-01A-01-TS1_380.png,2854,TCGA-02-0332
0.0,TCGA-02-0332-01A-01-TS1_389.png,2855,TCGA-02-0332
622.0,TCGA-02-0332-01A-01-TS1_406.png,2856,TCGA-02-0332
0.0,TCGA-02-0332-01A-01-TS1_441.png,2857,TCGA-02-0332
0.0,TCGA-02-0332-01A-01-TS1_493.png,2858,TCGA-02-0332
0.0,TCGA-02-0332-01A-01-TS1_545.png,2859,TCGA-02-0332
0.0,TCGA-02-0332-01A-01-TS1_597.png,2860,TCGA-02-0332
43.0,TCGA-02-0333-01A-01-BS1_093.png,2861,TCGA-02-0333
7.0,TCGA-02-0333-01A-01-BS1_1033.png,2862,TCGA-02-0333
64.0,TCGA-02-0333-01A-01-BS1_1127.png,2863,TCGA-02-0333
99.0,TCGA-02-0333-01A-01-BS1_1221.png,2864,TCGA-02-0333
13.0,TCGA-02-0333-01A-01-BS1_187.png,2865,TCGA-02-0333
27.0,TCGA-02-0333-01A-01-BS1_281.png,2866,TCGA-02-0333
218.0,TCGA-02-0333-01A-01-BS1_2819.png,2867,TCGA-02-0333
349.0,TCGA-02-0333-01A-01-BS1_2913.png,2868,TCGA-02-0333
210.0,TCGA-02-0333-01A-01-BS1_3007.png,2869,TCGA-02-0333
332.0,TCGA-02-0333-01A-01-BS1_3101.png,2870,TCGA-02-0333
279.0,TCGA-02-0333-01A-01-BS1_3195.png,2871,TCGA-02-0333
311.0,TCGA-02-0333-01A-01-BS1_3289.png,2872,TCGA-02-0333
181.0,TCGA-02-0333-01A-01-BS1_3383.png,2873,TCGA-02-0333
26.0,TCGA-02-0333-01A-01-BS1_3477.png,2874,TCGA-02-0333
18.0,TCGA-02-0333-01A-01-BS1_3571.png,2875,TCGA-02-0333
41.0,TCGA-02-0333-01A-01-BS1_3665.png,2876,TCGA-02-0333
34.0,TCGA-02-0333-01A-01-BS1_375.png,2877,TCGA-02-0333
92.0,TCGA-02-0333-01A-01-BS1_3759.png,2878,TCGA-02-0333
97.0,TCGA-02-0333-01A-01-BS1_3853.png,2879,TCGA-02-0333
25.0,TCGA-02-0333-01A-01-BS1_469.png,2880,TCGA-02-0333
15.0,TCGA-02-0333-01A-02-BS2_093.png,2881,TCGA-02-0333
6.0,TCGA-02-0333-01A-02-BS2_1221.png,2882,TCGA-02-0333
14.0,TCGA-02-0333-01A-02-BS2_1315.png,2883,TCGA-02-0333
4.0,TCGA-02-0333-01A-02-BS2_187.png,2884,TCGA-02-0333
9.0,TCGA-02-0333-01A-02-BS2_281.png,2885,TCGA-02-0333
28.0,TCGA-02-0333-01A-02-BS2_2913.png,2886,TCGA-02-0333
124.0,TCGA-02-0333-01A-02-BS2_3007.png,2887,TCGA-02-0333
235.0,TCGA-02-0333-01A-02-BS2_3101.png,2888,TCGA-02-0333
118.0,TCGA-02-0333-01A-02-BS2_3195.png,2889,TCGA-02-0333
28.0,TCGA-02-0333-01A-02-BS2_3289.png,2890,TCGA-02-0333
63.0,TCGA-02-0333-01A-02-BS2_3383.png,2891,TCGA-02-0333
65.0,TCGA-02-0333-01A-02-BS2_3477.png,2892,TCGA-02-0333
22.0,TCGA-02-0333-01A-02-BS2_3571.png,2893,TCGA-02-0333
16.0,TCGA-02-0333-01A-02-BS2_3665.png,2894,TCGA-02-0333
14.0,TCGA-02-0333-01A-02-BS2_375.png,2895,TCGA-02-0333
58.0,TCGA-02-0333-01A-02-BS2_3759.png,2896,TCGA-02-0333
54.0,TCGA-02-0333-01A-02-BS2_3853.png,2897,TCGA-02-0333
10.0,TCGA-02-0333-01A-02-BS2_469.png,2898,TCGA-02-0333
17.0,TCGA-02-0333-01A-02-BS2_563.png,2899,TCGA-02-0333
7.0,TCGA-02-0333-01A-02-BS2_939.png,2900,TCGA-02-0333
0.0,TCGA-02-0336-01A-01-BS1_1039.png,2901,TCGA-02-0336
156.0,TCGA-02-0336-01A-01-BS1_249.png,2902,TCGA-02-0336
5.0,TCGA-02-0336-01A-01-BS1_250.png,2903,TCGA-02-0336
2.0,TCGA-02-0336-01A-01-BS1_251.png,2904,TCGA-02-0336
63.0,TCGA-02-0336-01A-01-BS1_275.png,2905,TCGA-02-0336
0.0,TCGA-02-0336-01A-01-BS1_276.png,2906,TCGA-02-0336
26.0,TCGA-02-0336-01A-01-BS1_277.png,2907,TCGA-02-0336
5.0,TCGA-02-0336-01A-01-BS1_278.png,2908,TCGA-02-0336
200.0,TCGA-02-0336-01A-01-BS1_301.png,2909,TCGA-02-0336
609.0,TCGA-02-0336-01A-01-BS1_302.png,2910,TCGA-02-0336
474.0,TCGA-02-0336-01A-01-BS1_303.png,2911,TCGA-02-0336
436.0,TCGA-02-0336-01A-01-BS1_304.png,2912,TCGA-02-0336
643.0,TCGA-02-0336-01A-01-BS1_328.png,2913,TCGA-02-0336
1227.0,TCGA-02-0336-01A-01-BS1_329.png,2914,TCGA-02-0336
914.0,TCGA-02-0336-01A-01-BS1_330.png,2915,TCGA-02-0336
904.0,TCGA-02-0336-01A-01-BS1_356.png,2916,TCGA-02-0336
0.0,TCGA-02-0336-01A-01-BS1_597.png,2917,TCGA-02-0336
3.0,TCGA-02-0336-01A-01-BS1_805.png,2918,TCGA-02-0336
2.0,TCGA-02-0336-01A-01-BS1_831.png,2919,TCGA-02-0336
0.0,TCGA-02-0336-01A-01-BS1_961.png,2920,TCGA-02-0336
0.0,TCGA-02-0336-01A-01-TS1_033.png,2921,TCGA-02-0336
0.0,TCGA-02-0336-01A-01-TS1_067.png,2922,TCGA-02-0336
0.0,TCGA-02-0336-01A-01-TS1_101.png,2923,TCGA-02-0336
0.0,TCGA-02-0336-01A-01-TS1_1087.png,2924,TCGA-02-0336
0.0,TCGA-02-0336-01A-01-TS1_1223.png,2925,TCGA-02-0336
0.0,TCGA-02-0336-01A-01-TS1_169.png,2926,TCGA-02-0336
0.0,TCGA-02-0336-01A-01-TS1_203.png,2927,TCGA-02-0336
0.0,TCGA-02-0336-01A-01-TS1_271.png,2928,TCGA-02-0336
0.0,TCGA-02-0336-01A-01-TS1_339.png,2929,TCGA-02-0336
0.0,TCGA-02-0336-01A-01-TS1_407.png,2930,TCGA-02-0336
0.0,TCGA-02-0336-01A-01-TS1_441.png,2931,TCGA-02-0336
0.0,TCGA-02-0336-01A-01-TS1_475.png,2932,TCGA-02-0336
0.0,TCGA-02-0336-01A-01-TS1_509.png,2933,TCGA-02-0336
0.0,TCGA-02-0336-01A-01-TS1_543.png,2934,TCGA-02-0336
0.0,TCGA-02-0336-01A-01-TS1_577.png,2935,TCGA-02-0336
0.0,TCGA-02-0336-01A-01-TS1_679.png,2936,TCGA-02-0336
531.0,TCGA-02-0336-01A-01-TS1_687.png,2937,TCGA-02-0336
1110.0,TCGA-02-0336-01A-01-TS1_721.png,2938,TCGA-02-0336
0.0,TCGA-02-0336-01A-01-TS1_781.png,2939,TCGA-02-0336
0.0,TCGA-02-0336-01A-01-TS1_985.png,2940,TCGA-02-0336
28.0,TCGA-02-0337-01A-01-BS1_1088.png,2941,TCGA-02-0337
0.0,TCGA-02-0337-01A-01-BS1_1131.png,2942,TCGA-02-0337
178.0,TCGA-02-0337-01A-01-BS1_1132.png,2943,TCGA-02-0337
3.0,TCGA-02-0337-01A-01-BS1_1174.png,2944,TCGA-02-0337
189.0,TCGA-02-0337-01A-01-BS1_1175.png,2945,TCGA-02-0337
0.0,TCGA-02-0337-01A-01-BS1_1690.png,2946,TCGA-02-0337
0.0,TCGA-02-0337-01A-01-BS1_1692.png,2947,TCGA-02-0337
0.0,TCGA-02-0337-01A-01-BS1_1695.png,2948,TCGA-02-0337
0.0,TCGA-02-0337-01A-01-BS1_1696.png,2949,TCGA-02-0337
0.0,TCGA-02-0337-01A-01-BS1_1697.png,2950,TCGA-02-0337
0.0,TCGA-02-0337-01A-01-BS1_1708.png,2951,TCGA-02-0337
0.0,TCGA-02-0337-01A-01-BS1_1710.png,2952,TCGA-02-0337
0.0,TCGA-02-0337-01A-01-BS1_1711.png,2953,TCGA-02-0337
0.0,TCGA-02-0337-01A-01-BS1_1713.png,2954,TCGA-02-0337
0.0,TCGA-02-0337-01A-01-BS1_1714.png,2955,TCGA-02-0337
0.0,TCGA-02-0337-01A-01-BS1_1715.png,2956,TCGA-02-0337
0.0,TCGA-02-0337-01A-01-BS1_1716.png,2957,TCGA-02-0337
0.0,TCGA-02-0337-01A-01-BS1_1717.png,2958,TCGA-02-0337
0.0,TCGA-02-0337-01A-01-BS1_1718.png,2959,TCGA-02-0337
0.0,TCGA-02-0337-01A-01-BS1_1719.png,2960,TCGA-02-0337
0.0,TCGA-02-0337-01A-01-TS1_1420.png,2961,TCGA-02-0337
0.0,TCGA-02-0337-01A-01-TS1_1423.png,2962,TCGA-02-0337
0.0,TCGA-02-0337-01A-01-TS1_1427.png,2963,TCGA-02-0337
0.0,TCGA-02-0337-01A-01-TS1_1429.png,2964,TCGA-02-0337
0.0,TCGA-02-0337-01A-01-TS1_1430.png,2965,TCGA-02-0337
0.0,TCGA-02-0337-01A-01-TS1_1431.png,2966,TCGA-02-0337
0.0,TCGA-02-0337-01A-01-TS1_1432.png,2967,TCGA-02-0337
0.0,TCGA-02-0337-01A-01-TS1_1435.png,2968,TCGA-02-0337
0.0,TCGA-02-0337-01A-01-TS1_1438.png,2969,TCGA-02-0337
0.0,TCGA-02-0337-01A-01-TS1_1439.png,2970,TCGA-02-0337
0.0,TCGA-02-0337-01A-01-TS1_1442.png,2971,TCGA-02-0337
0.0,TCGA-02-0337-01A-01-TS1_1446.png,2972,TCGA-02-0337
0.0,TCGA-02-0337-01A-01-TS1_1447.png,2973,TCGA-02-0337
0.0,TCGA-02-0337-01A-01-TS1_1449.png,2974,TCGA-02-0337
0.0,TCGA-02-0337-01A-01-TS1_1451.png,2975,TCGA-02-0337
0.0,TCGA-02-0337-01A-01-TS1_1454.png,2976,TCGA-02-0337
0.0,TCGA-02-0337-01A-01-TS1_1455.png,2977,TCGA-02-0337
0.0,TCGA-02-0337-01A-01-TS1_1457.png,2978,TCGA-02-0337
0.0,TCGA-02-0337-01A-01-TS1_1458.png,2979,TCGA-02-0337
0.0,TCGA-02-0337-01A-01-TS1_1461.png,2980,TCGA-02-0337
47.0,TCGA-02-0338-01A-01-BS1_339.png,2981,TCGA-02-0338
1048.0,TCGA-02-0338-01A-01-BS1_340.png,2982,TCGA-02-0338
916.0,TCGA-02-0338-01A-01-BS1_366.png,2983,TCGA-02-0338
1120.0,TCGA-02-0338-01A-01-BS1_367.png,2984,TCGA-02-0338
266.0,TCGA-02-0338-01A-01-BS1_394.png,2985,TCGA-02-0338
120.0,TCGA-02-0338-01A-01-BS1_395.png,2986,TCGA-02-0338
3.0,TCGA-02-0338-01A-01-BS1_449.png,2987,TCGA-02-0338
3.0,TCGA-02-0338-01A-01-BS1_450.png,2988,TCGA-02-0338
6.0,TCGA-02-0338-01A-01-BS1_478.png,2989,TCGA-02-0338
1.0,TCGA-02-0338-01A-01-BS1_506.png,2990,TCGA-02-0338
0.0,TCGA-02-0338-01A-01-BS1_535.png,2991,TCGA-02-0338
3.0,TCGA-02-0338-01A-01-BS1_536.png,2992,TCGA-02-0338
7.0,TCGA-02-0338-01A-01-BS1_564.png,2993,TCGA-02-0338
20.0,TCGA-02-0338-01A-01-BS1_565.png,2994,TCGA-02-0338
93.0,TCGA-02-0338-01A-01-BS1_592.png,2995,TCGA-02-0338
149.0,TCGA-02-0338-01A-01-BS1_593.png,2996,TCGA-02-0338
119.0,TCGA-02-0338-01A-01-BS1_621.png,2997,TCGA-02-0338
4.0,TCGA-02-0338-01A-01-BS1_649.png,2998,TCGA-02-0338
2.0,TCGA-02-0338-01A-01-BS1_677.png,2999,TCGA-02-0338
98.0,TCGA-02-0338-01A-01-BS1_678.png,3000,TCGA-02-0338
0.0,TCGA-02-0338-01A-01-TS1_1337.png,3001,TCGA-02-0338
0.0,TCGA-02-0338-01A-01-TS1_1344.png,3002,TCGA-02-0338
0.0,TCGA-02-0338-01A-01-TS1_1346.png,3003,TCGA-02-0338
0.0,TCGA-02-0338-01A-01-TS1_1349.png,3004,TCGA-02-0338
0.0,TCGA-02-0338-01A-01-TS1_1352.png,3005,TCGA-02-0338
0.0,TCGA-02-0338-01A-01-TS1_1353.png,3006,TCGA-02-0338
0.0,TCGA-02-0338-01A-01-TS1_1354.png,3007,TCGA-02-0338
0.0,TCGA-02-0338-01A-01-TS1_1355.png,3008,TCGA-02-0338
0.0,TCGA-02-0338-01A-01-TS1_1356.png,3009,TCGA-02-0338
0.0,TCGA-02-0338-01A-01-TS1_1357.png,3010,TCGA-02-0338
0.0,TCGA-02-0338-01A-01-TS1_1358.png,3011,TCGA-02-0338
0.0,TCGA-02-0338-01A-01-TS1_1359.png,3012,TCGA-02-0338
97.0,TCGA-02-0338-01A-01-TS1_446.png,3013,TCGA-02-0338
143.0,TCGA-02-0338-01A-01-TS1_478.png,3014,TCGA-02-0338
41.0,TCGA-02-0338-01A-01-TS1_479.png,3015,TCGA-02-0338
173.0,TCGA-02-0338-01A-01-TS1_480.png,3016,TCGA-02-0338
0.0,TCGA-02-0338-01A-01-TS1_511.png,3017,TCGA-02-0338
57.0,TCGA-02-0338-01A-01-TS1_545.png,3018,TCGA-02-0338
244.0,TCGA-02-0338-01A-01-TS1_718.png,3019,TCGA-02-0338
119.0,TCGA-02-0338-01A-01-TS1_962.png,3020,TCGA-02-0338
88.0,TCGA-02-0339-01A-01-BS1_185.png,3021,TCGA-02-0339
190.0,TCGA-02-0339-01A-01-BS1_186.png,3022,TCGA-02-0339
49.0,TCGA-02-0339-01A-01-BS1_205.png,3023,TCGA-02-0339
286.0,TCGA-02-0339-01A-01-BS1_482.png,3024,TCGA-02-0339
12.0,TCGA-02-0339-01A-01-BS1_502.png,3025,TCGA-02-0339
602.0,TCGA-02-0339-01A-01-BS1_503.png,3026,TCGA-02-0339
143.0,TCGA-02-0339-01A-01-BS1_522.png,3027,TCGA-02-0339
328.0,TCGA-02-0339-01A-01-BS1_523.png,3028,TCGA-02-0339
0.0,TCGA-02-0339-01A-01-BS1_680.png,3029,TCGA-02-0339
0.0,TCGA-02-0339-01A-01-BS1_684.png,3030,TCGA-02-0339
0.0,TCGA-02-0339-01A-01-BS1_687.png,3031,TCGA-02-0339
0.0,TCGA-02-0339-01A-01-BS1_689.png,3032,TCGA-02-0339
0.0,TCGA-02-0339-01A-01-BS1_690.png,3033,TCGA-02-0339
0.0,TCGA-02-0339-01A-01-BS1_691.png,3034,TCGA-02-0339
0.0,TCGA-02-0339-01A-01-BS1_692.png,3035,TCGA-02-0339
0.0,TCGA-02-0339-01A-01-BS1_693.png,3036,TCGA-02-0339
0.0,TCGA-02-0339-01A-01-BS1_694.png,3037,TCGA-02-0339
1.0,TCGA-02-0339-01A-01-BS1_695.png,3038,TCGA-02-0339
0.0,TCGA-02-0339-01A-01-BS1_696.png,3039,TCGA-02-0339
0.0,TCGA-02-0339-01A-01-BS1_699.png,3040,TCGA-02-0339
2069.0,TCGA-02-0339-01A-01-TS1_106.png,3041,TCGA-02-0339
984.0,TCGA-02-0339-01A-01-TS1_132.png,3042,TCGA-02-0339
246.0,TCGA-02-0339-01A-01-TS1_158.png,3043,TCGA-02-0339
718.0,TCGA-02-0339-01A-01-TS1_183.png,3044,TCGA-02-0339
641.0,TCGA-02-0339-01A-01-TS1_184.png,3045,TCGA-02-0339
349.0,TCGA-02-0339-01A-01-TS1_209.png,3046,TCGA-02-0339
460.0,TCGA-02-0339-01A-01-TS1_210.png,3047,TCGA-02-0339
316.0,TCGA-02-0339-01A-01-TS1_234.png,3048,TCGA-02-0339
447.0,TCGA-02-0339-01A-01-TS1_258.png,3049,TCGA-02-0339
224.0,TCGA-02-0339-01A-01-TS1_331.png,3050,TCGA-02-0339
210.0,TCGA-02-0339-01A-01-TS1_354.png,3051,TCGA-02-0339
292.0,TCGA-02-0339-01A-01-TS1_355.png,3052,TCGA-02-0339
1439.0,TCGA-02-0339-01A-01-TS1_356.png,3053,TCGA-02-0339
3.0,TCGA-02-0339-01A-01-TS1_378.png,3054,TCGA-02-0339
295.0,TCGA-02-0339-01A-01-TS1_379.png,3055,TCGA-02-0339
1343.0,TCGA-02-0339-01A-01-TS1_380.png,3056,TCGA-02-0339
406.0,TCGA-02-0339-01A-01-TS1_402.png,3057,TCGA-02-0339
1157.0,TCGA-02-0339-01A-01-TS1_403.png,3058,TCGA-02-0339
1328.0,TCGA-02-0339-01A-01-TS1_426.png,3059,TCGA-02-0339
988.0,TCGA-02-0339-01A-01-TS1_450.png,3060,TCGA-02-0339
438.0,TCGA-02-0422-01A-01-BS1_134.png,3061,TCGA-02-0422
426.0,TCGA-02-0422-01A-01-BS1_148.png,3062,TCGA-02-0422
419.0,TCGA-02-0422-01A-01-BS1_161.png,3063,TCGA-02-0422
700.0,TCGA-02-0422-01A-01-BS1_175.png,3064,TCGA-02-0422
846.0,TCGA-02-0422-01A-01-BS1_185.png,3065,TCGA-02-0422
226.0,TCGA-02-0422-01A-01-BS1_186.png,3066,TCGA-02-0422
216.0,TCGA-02-0422-01A-01-BS1_187.png,3067,TCGA-02-0422
379.0,TCGA-02-0422-01A-01-BS1_188.png,3068,TCGA-02-0422
510.0,TCGA-02-0422-01A-01-BS1_189.png,3069,TCGA-02-0422
255.0,TCGA-02-0422-01A-01-BS1_190.png,3070,TCGA-02-0422
185.0,TCGA-02-0422-01A-01-BS1_198.png,3071,TCGA-02-0422
815.0,TCGA-02-0422-01A-01-BS1_199.png,3072,TCGA-02-0422
0.0,TCGA-02-0422-01A-01-BS1_200.png,3073,TCGA-02-0422
0.0,TCGA-02-0422-01A-01-BS1_201.png,3074,TCGA-02-0422
0.0,TCGA-02-0422-01A-01-BS1_202.png,3075,TCGA-02-0422
4.0,TCGA-02-0422-01A-01-BS1_203.png,3076,TCGA-02-0422
0.0,TCGA-02-0422-01A-01-BS1_204.png,3077,TCGA-02-0422
8.0,TCGA-02-0422-01A-01-BS1_205.png,3078,TCGA-02-0422
25.0,TCGA-02-0422-01A-01-BS1_206.png,3079,TCGA-02-0422
0.0,TCGA-02-0422-01A-01-BS1_209.png,3080,TCGA-02-0422
109.0,TCGA-02-0422-01A-01-TS1_233.png,3081,TCGA-02-0422
82.0,TCGA-02-0422-01A-01-TS1_234.png,3082,TCGA-02-0422
15.0,TCGA-02-0422-01A-01-TS1_245.png,3083,TCGA-02-0422
0.0,TCGA-02-0422-01A-01-TS1_246.png,3084,TCGA-02-0422
0.0,TCGA-02-0422-01A-01-TS1_247.png,3085,TCGA-02-0422
0.0,TCGA-02-0422-01A-01-TS1_248.png,3086,TCGA-02-0422
8.0,TCGA-02-0422-01A-01-TS1_249.png,3087,TCGA-02-0422
0.0,TCGA-02-0422-01A-01-TS1_291.png,3088,TCGA-02-0422
0.0,TCGA-02-0422-01A-01-TS1_292.png,3089,TCGA-02-0422
0.0,TCGA-02-0422-01A-01-TS1_293.png,3090,TCGA-02-0422
0.0,TCGA-02-0422-01A-01-TS1_294.png,3091,TCGA-02-0422
1.0,TCGA-02-0422-01A-01-TS1_295.png,3092,TCGA-02-0422
0.0,TCGA-02-0422-01A-01-TS1_296.png,3093,TCGA-02-0422
0.0,TCGA-02-0422-01A-01-TS1_297.png,3094,TCGA-02-0422
0.0,TCGA-02-0422-01A-01-TS1_298.png,3095,TCGA-02-0422
0.0,TCGA-02-0422-01A-01-TS1_299.png,3096,TCGA-02-0422
0.0,TCGA-02-0422-01A-01-TS1_300.png,3097,TCGA-02-0422
0.0,TCGA-02-0422-01A-01-TS1_301.png,3098,TCGA-02-0422
0.0,TCGA-02-0422-01A-01-TS1_302.png,3099,TCGA-02-0422
0.0,TCGA-02-0422-01A-01-TS1_303.png,3100,TCGA-02-0422
0.0,TCGA-02-0430-01A-01-BS1_3806.png,3101,TCGA-02-0430
0.0,TCGA-02-0430-01A-01-BS1_3809.png,3102,TCGA-02-0430
0.0,TCGA-02-0430-01A-01-BS1_3814.png,3103,TCGA-02-0430
0.0,TCGA-02-0430-01A-01-BS1_3816.png,3104,TCGA-02-0430
0.0,TCGA-02-0430-01A-01-BS1_3819.png,3105,TCGA-02-0430
0.0,TCGA-02-0430-01A-01-BS1_3849.png,3106,TCGA-02-0430
0.0,TCGA-02-0430-01A-01-BS1_3850.png,3107,TCGA-02-0430
0.0,TCGA-02-0430-01A-01-BS1_3851.png,3108,TCGA-02-0430
0.0,TCGA-02-0430-01A-01-BS1_3852.png,3109,TCGA-02-0430
0.0,TCGA-02-0430-01A-01-BS1_3853.png,3110,TCGA-02-0430
0.0,TCGA-02-0430-01A-01-BS1_3854.png,3111,TCGA-02-0430
0.0,TCGA-02-0430-01A-01-BS1_3855.png,3112,TCGA-02-0430
0.0,TCGA-02-0430-01A-01-BS1_3856.png,3113,TCGA-02-0430
0.0,TCGA-02-0430-01A-01-BS1_3857.png,3114,TCGA-02-0430
0.0,TCGA-02-0430-01A-01-BS1_3858.png,3115,TCGA-02-0430
0.0,TCGA-02-0430-01A-01-BS1_3859.png,3116,TCGA-02-0430
0.0,TCGA-02-0430-01A-01-BS1_3860.png,3117,TCGA-02-0430
0.0,TCGA-02-0430-01A-01-BS1_3861.png,3118,TCGA-02-0430
0.0,TCGA-02-0430-01A-01-BS1_3862.png,3119,TCGA-02-0430
0.0,TCGA-02-0430-01A-01-BS1_3863.png,3120,TCGA-02-0430
401.0,TCGA-02-0430-01A-01-TS1_692.png,3121,TCGA-02-0430
145.0,TCGA-02-0430-01A-01-TS1_693.png,3122,TCGA-02-0430
183.0,TCGA-02-0430-01A-01-TS1_694.png,3123,TCGA-02-0430
150.0,TCGA-02-0430-01A-01-TS1_701.png,3124,TCGA-02-0430
0.0,TCGA-02-0430-01A-01-TS1_702.png,3125,TCGA-02-0430
51.0,TCGA-02-0430-01A-01-TS1_703.png,3126,TCGA-02-0430
0.0,TCGA-02-0430-01A-01-TS1_730.png,3127,TCGA-02-0430
0.0,TCGA-02-0430-01A-01-TS1_731.png,3128,TCGA-02-0430
79.0,TCGA-02-0430-01A-01-TS1_732.png,3129,TCGA-02-0430
2.0,TCGA-02-0430-01A-01-TS1_735.png,3130,TCGA-02-0430
0.0,TCGA-02-0430-01A-01-TS1_736.png,3131,TCGA-02-0430
2.0,TCGA-02-0430-01A-01-TS1_737.png,3132,TCGA-02-0430
0.0,TCGA-02-0430-01A-01-TS1_738.png,3133,TCGA-02-0430
2.0,TCGA-02-0430-01A-01-TS1_768.png,3134,TCGA-02-0430
4.0,TCGA-02-0430-01A-01-TS1_769.png,3135,TCGA-02-0430
0.0,TCGA-02-0430-01A-01-TS1_770.png,3136,TCGA-02-0430
0.0,TCGA-02-0430-01A-01-TS1_771.png,3137,TCGA-02-0430
0.0,TCGA-02-0430-01A-01-TS1_772.png,3138,TCGA-02-0430
8.0,TCGA-02-0430-01A-01-TS1_773.png,3139,TCGA-02-0430
0.0,TCGA-02-0430-01A-01-TS1_899.png,3140,TCGA-02-0430
1328.0,TCGA-02-0432-01A-01-BS1_1598.png,3141,TCGA-02-0432
1553.0,TCGA-02-0432-01A-01-BS1_1682.png,3142,TCGA-02-0432
1331.0,TCGA-02-0432-01A-01-BS1_1687.png,3143,TCGA-02-0432
1765.0,TCGA-02-0432-01A-01-BS1_1688.png,3144,TCGA-02-0432
1709.0,TCGA-02-0432-01A-01-BS1_1689.png,3145,TCGA-02-0432
1976.0,TCGA-02-0432-01A-01-BS1_1769.png,3146,TCGA-02-0432
1811.0,TCGA-02-0432-01A-01-BS1_1770.png,3147,TCGA-02-0432
1.0,TCGA-02-0432-01A-01-BS1_3288.png,3148,TCGA-02-0432
0.0,TCGA-02-0432-01A-01-BS1_3289.png,3149,TCGA-02-0432
0.0,TCGA-02-0432-01A-01-BS1_3300.png,3150,TCGA-02-0432
1.0,TCGA-02-0432-01A-01-BS1_3315.png,3151,TCGA-02-0432
0.0,TCGA-02-0432-01A-01-BS1_3316.png,3152,TCGA-02-0432
1.0,TCGA-02-0432-01A-01-BS1_3318.png,3153,TCGA-02-0432
0.0,TCGA-02-0432-01A-01-BS1_3319.png,3154,TCGA-02-0432
0.0,TCGA-02-0432-01A-01-BS1_3327.png,3155,TCGA-02-0432
0.0,TCGA-02-0432-01A-01-BS1_3329.png,3156,TCGA-02-0432
1.0,TCGA-02-0432-01A-01-BS1_3330.png,3157,TCGA-02-0432
0.0,TCGA-02-0432-01A-01-BS1_3336.png,3158,TCGA-02-0432
0.0,TCGA-02-0432-01A-01-BS1_3337.png,3159,TCGA-02-0432
0.0,TCGA-02-0432-01A-01-BS1_3361.png,3160,TCGA-02-0432
2.0,TCGA-02-0432-01A-02-BS2_093.png,3161,TCGA-02-0432
4.0,TCGA-02-0432-01A-02-BS2_1221.png,3162,TCGA-02-0432
0.0,TCGA-02-0432-01A-02-BS2_187.png,3163,TCGA-02-0432
873.0,TCGA-02-0432-01A-02-BS2_1930.png,3164,TCGA-02-0432
880.0,TCGA-02-0432-01A-02-BS2_2024.png,3165,TCGA-02-0432
2.0,TCGA-02-0432-01A-02-BS2_2443.png,3166,TCGA-02-0432
10.0,TCGA-02-0432-01A-02-BS2_2725.png,3167,TCGA-02-0432
2.0,TCGA-02-0432-01A-02-BS2_2819.png,3168,TCGA-02-0432
1.0,TCGA-02-0432-01A-02-BS2_2913.png,3169,TCGA-02-0432
18.0,TCGA-02-0432-01A-02-BS2_3007.png,3170,TCGA-02-0432
11.0,TCGA-02-0432-01A-02-BS2_3101.png,3171,TCGA-02-0432
7.0,TCGA-02-0432-01A-02-BS2_3195.png,3172,TCGA-02-0432
7.0,TCGA-02-0432-01A-02-BS2_3289.png,3173,TCGA-02-0432
2.0,TCGA-02-0432-01A-02-BS2_3383.png,3174,TCGA-02-0432
8.0,TCGA-02-0432-01A-02-BS2_3477.png,3175,TCGA-02-0432
1.0,TCGA-02-0432-01A-02-BS2_3571.png,3176,TCGA-02-0432
11.0,TCGA-02-0432-01A-02-BS2_3665.png,3177,TCGA-02-0432
29.0,TCGA-02-0432-01A-02-BS2_3759.png,3178,TCGA-02-0432
26.0,TCGA-02-0432-01A-02-BS2_3853.png,3179,TCGA-02-0432
5.0,TCGA-02-0432-01A-02-BS2_845.png,3180,TCGA-02-0432
1719.0,TCGA-02-0439-01A-01-BS1_188.png,3181,TCGA-02-0439
1524.0,TCGA-02-0439-01A-01-BS1_189.png,3182,TCGA-02-0439
886.0,TCGA-02-0439-01A-01-BS1_278.png,3183,TCGA-02-0439
1471.0,TCGA-02-0439-01A-01-BS1_386.png,3184,TCGA-02-0439
1535.0,TCGA-02-0439-01A-01-BS1_390.png,3185,TCGA-02-0439
1354.0,TCGA-02-0439-01A-01-BS1_427.png,3186,TCGA-02-0439
1869.0,TCGA-02-0439-01A-01-BS1_428.png,3187,TCGA-02-0439
2072.0,TCGA-02-0439-01A-01-BS1_429.png,3188,TCGA-02-0439
1807.0,TCGA-02-0439-01A-01-BS1_430.png,3189,TCGA-02-0439
1655.0,TCGA-02-0439-01A-01-BS1_463.png,3190,TCGA-02-0439
1676.0,TCGA-02-0439-01A-01-BS1_467.png,3191,TCGA-02-0439
1392.0,TCGA-02-0439-01A-01-BS1_468.png,3192,TCGA-02-0439
1023.0,TCGA-02-0439-01A-01-BS1_680.png,3193,TCGA-02-0439
822.0,TCGA-02-0439-01A-01-BS1_681.png,3194,TCGA-02-0439
766.0,TCGA-02-0439-01A-01-BS1_682.png,3195,TCGA-02-0439
1021.0,TCGA-02-0439-01A-01-BS1_723.png,3196,TCGA-02-0439
718.0,TCGA-02-0439-01A-01-BS1_724.png,3197,TCGA-02-0439
581.0,TCGA-02-0439-01A-01-BS1_766.png,3198,TCGA-02-0439
427.0,TCGA-02-0439-01A-01-BS1_808.png,3199,TCGA-02-0439
448.0,TCGA-02-0439-01A-01-BS1_849.png,3200,TCGA-02-0439
0.0,TCGA-02-0439-01A-01-TS1_1101.png,3201,TCGA-02-0439
0.0,TCGA-02-0439-01A-01-TS1_1139.png,3202,TCGA-02-0439
0.0,TCGA-02-0439-01A-01-TS1_1177.png,3203,TCGA-02-0439
0.0,TCGA-02-0439-01A-01-TS1_1215.png,3204,TCGA-02-0439
0.0,TCGA-02-0439-01A-01-TS1_1329.png,3205,TCGA-02-0439
0.0,TCGA-02-0439-01A-01-TS1_1367.png,3206,TCGA-02-0439
0.0,TCGA-02-0439-01A-01-TS1_379.png,3207,TCGA-02-0439
0.0,TCGA-02-0439-01A-01-TS1_417.png,3208,TCGA-02-0439
0.0,TCGA-02-0439-01A-01-TS1_531.png,3209,TCGA-02-0439
0.0,TCGA-02-0439-01A-01-TS1_607.png,3210,TCGA-02-0439
0.0,TCGA-02-0439-01A-01-TS1_645.png,3211,TCGA-02-0439
0.0,TCGA-02-0439-01A-01-TS1_683.png,3212,TCGA-02-0439
0.0,TCGA-02-0439-01A-01-TS1_721.png,3213,TCGA-02-0439
0.0,TCGA-02-0439-01A-01-TS1_759.png,3214,TCGA-02-0439
0.0,TCGA-02-0439-01A-01-TS1_797.png,3215,TCGA-02-0439
0.0,TCGA-02-0439-01A-01-TS1_835.png,3216,TCGA-02-0439
0.0,TCGA-02-0439-01A-01-TS1_873.png,3217,TCGA-02-0439
0.0,TCGA-02-0439-01A-01-TS1_911.png,3218,TCGA-02-0439
0.0,TCGA-02-0439-01A-01-TS1_949.png,3219,TCGA-02-0439
0.0,TCGA-02-0439-01A-01-TS1_987.png,3220,TCGA-02-0439
27.0,TCGA-02-0440-01A-01-BS1_093.png,3221,TCGA-02-0440
10.0,TCGA-02-0440-01A-01-BS1_1033.png,3222,TCGA-02-0440
0.0,TCGA-02-0440-01A-01-BS1_1221.png,3223,TCGA-02-0440
10.0,TCGA-02-0440-01A-01-BS1_187.png,3224,TCGA-02-0440
32.0,TCGA-02-0440-01A-01-BS1_281.png,3225,TCGA-02-0440
14.0,TCGA-02-0440-01A-01-BS1_2819.png,3226,TCGA-02-0440
20.0,TCGA-02-0440-01A-01-BS1_2913.png,3227,TCGA-02-0440
10.0,TCGA-02-0440-01A-01-BS1_3007.png,3228,TCGA-02-0440
15.0,TCGA-02-0440-01A-01-BS1_3101.png,3229,TCGA-02-0440
17.0,TCGA-02-0440-01A-01-BS1_3195.png,3230,TCGA-02-0440
6.0,TCGA-02-0440-01A-01-BS1_3289.png,3231,TCGA-02-0440
23.0,TCGA-02-0440-01A-01-BS1_3383.png,3232,TCGA-02-0440
0.0,TCGA-02-0440-01A-01-BS1_3477.png,3233,TCGA-02-0440
5.0,TCGA-02-0440-01A-01-BS1_3571.png,3234,TCGA-02-0440
15.0,TCGA-02-0440-01A-01-BS1_3665.png,3235,TCGA-02-0440
11.0,TCGA-02-0440-01A-01-BS1_375.png,3236,TCGA-02-0440
26.0,TCGA-02-0440-01A-01-BS1_3759.png,3237,TCGA-02-0440
47.0,TCGA-02-0440-01A-01-BS1_3853.png,3238,TCGA-02-0440
12.0,TCGA-02-0440-01A-01-BS1_469.png,3239,TCGA-02-0440
3.0,TCGA-02-0440-01A-01-BS1_751.png,3240,TCGA-02-0440
7.0,TCGA-02-0440-01A-01-TS1_093.png,3241,TCGA-02-0440
1126.0,TCGA-02-0440-01A-01-TS1_1071.png,3242,TCGA-02-0440
1550.0,TCGA-02-0440-01A-01-TS1_1072.png,3243,TCGA-02-0440
1191.0,TCGA-02-0440-01A-01-TS1_1164.png,3244,TCGA-02-0440
1612.0,TCGA-02-0440-01A-01-TS1_1165.png,3245,TCGA-02-0440
1601.0,TCGA-02-0440-01A-01-TS1_1256.png,3246,TCGA-02-0440
1236.0,TCGA-02-0440-01A-01-TS1_1257.png,3247,TCGA-02-0440
1506.0,TCGA-02-0440-01A-01-TS1_1258.png,3248,TCGA-02-0440
6.0,TCGA-02-0440-01A-01-TS1_187.png,3249,TCGA-02-0440
3.0,TCGA-02-0440-01A-01-TS1_281.png,3250,TCGA-02-0440
2.0,TCGA-02-0440-01A-01-TS1_3007.png,3251,TCGA-02-0440
4.0,TCGA-02-0440-01A-01-TS1_3477.png,3252,TCGA-02-0440
0.0,TCGA-02-0440-01A-01-TS1_3571.png,3253,TCGA-02-0440
0.0,TCGA-02-0440-01A-01-TS1_3665.png,3254,TCGA-02-0440
0.0,TCGA-02-0440-01A-01-TS1_375.png,3255,TCGA-02-0440
5.0,TCGA-02-0440-01A-01-TS1_3759.png,3256,TCGA-02-0440
7.0,TCGA-02-0440-01A-01-TS1_3853.png,3257,TCGA-02-0440
0.0,TCGA-02-0440-01A-01-TS1_563.png,3258,TCGA-02-0440
0.0,TCGA-02-0440-01A-01-TS1_657.png,3259,TCGA-02-0440
1641.0,TCGA-02-0440-01A-01-TS1_979.png,3260,TCGA-02-0440
1.0,TCGA-02-0446-01A-01-BS1_093.png,3261,TCGA-02-0446
1.0,TCGA-02-0446-01A-01-BS1_1127.png,3262,TCGA-02-0446
1.0,TCGA-02-0446-01A-01-BS1_1315.png,3263,TCGA-02-0446
1.0,TCGA-02-0446-01A-01-BS1_187.png,3264,TCGA-02-0446
0.0,TCGA-02-0446-01A-01-BS1_1973.png,3265,TCGA-02-0446
4.0,TCGA-02-0446-01A-01-BS1_2631.png,3266,TCGA-02-0446
0.0,TCGA-02-0446-01A-01-BS1_2725.png,3267,TCGA-02-0446
0.0,TCGA-02-0446-01A-01-BS1_281.png,3268,TCGA-02-0446
4.0,TCGA-02-0446-01A-01-BS1_2819.png,3269,TCGA-02-0446
0.0,TCGA-02-0446-01A-01-BS1_2913.png,3270,TCGA-02-0446
0.0,TCGA-02-0446-01A-01-BS1_3007.png,3271,TCGA-02-0446
5.0,TCGA-02-0446-01A-01-BS1_3101.png,3272,TCGA-02-0446
1.0,TCGA-02-0446-01A-01-BS1_3195.png,3273,TCGA-02-0446
1.0,TCGA-02-0446-01A-01-BS1_3289.png,3274,TCGA-02-0446
0.0,TCGA-02-0446-01A-01-BS1_3383.png,3275,TCGA-02-0446
0.0,TCGA-02-0446-01A-01-BS1_3477.png,3276,TCGA-02-0446
0.0,TCGA-02-0446-01A-01-BS1_3571.png,3277,TCGA-02-0446
0.0,TCGA-02-0446-01A-01-BS1_3665.png,3278,TCGA-02-0446
11.0,TCGA-02-0446-01A-01-BS1_3759.png,3279,TCGA-02-0446
17.0,TCGA-02-0446-01A-01-BS1_3853.png,3280,TCGA-02-0446
0.0,TCGA-02-0446-01A-01-TS1_075.png,3281,TCGA-02-0446
0.0,TCGA-02-0446-01A-01-TS1_1025.png,3282,TCGA-02-0446
0.0,TCGA-02-0446-01A-01-TS1_1177.png,3283,TCGA-02-0446
0.0,TCGA-02-0446-01A-01-TS1_1291.png,3284,TCGA-02-0446
0.0,TCGA-02-0446-01A-01-TS1_151.png,3285,TCGA-02-0446
0.0,TCGA-02-0446-01A-01-TS1_1557.png,3286,TCGA-02-0446
0.0,TCGA-02-0446-01A-01-TS1_189.png,3287,TCGA-02-0446
0.0,TCGA-02-0446-01A-01-TS1_341.png,3288,TCGA-02-0446
0.0,TCGA-02-0446-01A-01-TS1_379.png,3289,TCGA-02-0446
0.0,TCGA-02-0446-01A-01-TS1_455.png,3290,TCGA-02-0446
0.0,TCGA-02-0446-01A-01-TS1_607.png,3291,TCGA-02-0446
0.0,TCGA-02-0446-01A-01-TS1_683.png,3292,TCGA-02-0446
0.0,TCGA-02-0446-01A-01-TS1_721.png,3293,TCGA-02-0446
0.0,TCGA-02-0446-01A-01-TS1_759.png,3294,TCGA-02-0446
0.0,TCGA-02-0446-01A-01-TS1_797.png,3295,TCGA-02-0446
0.0,TCGA-02-0446-01A-01-TS1_835.png,3296,TCGA-02-0446
0.0,TCGA-02-0446-01A-01-TS1_873.png,3297,TCGA-02-0446
0.0,TCGA-02-0446-01A-01-TS1_911.png,3298,TCGA-02-0446
0.0,TCGA-02-0446-01A-01-TS1_949.png,3299,TCGA-02-0446
0.0,TCGA-02-0446-01A-01-TS1_987.png,3300,TCGA-02-0446
0.0,TCGA-02-0451-01A-01-BS1_1007.png,3301,TCGA-02-0451
0.0,TCGA-02-0451-01A-01-BS1_1115.png,3302,TCGA-02-0451
0.0,TCGA-02-0451-01A-01-BS1_359.png,3303,TCGA-02-0451
0.0,TCGA-02-0451-01A-01-BS1_431.png,3304,TCGA-02-0451
0.0,TCGA-02-0451-01A-01-BS1_467.png,3305,TCGA-02-0451
0.0,TCGA-02-0451-01A-01-BS1_539.png,3306,TCGA-02-0451
0.0,TCGA-02-0451-01A-01-BS1_575.png,3307,TCGA-02-0451
0.0,TCGA-02-0451-01A-01-BS1_611.png,3308,TCGA-02-0451
1465.0,TCGA-02-0451-01A-01-BS1_640.png,3309,TCGA-02-0451
1341.0,TCGA-02-0451-01A-01-BS1_641.png,3310,TCGA-02-0451
0.0,TCGA-02-0451-01A-01-BS1_647.png,3311,TCGA-02-0451
1408.0,TCGA-02-0451-01A-01-BS1_678.png,3312,TCGA-02-0451
1604.0,TCGA-02-0451-01A-01-BS1_679.png,3313,TCGA-02-0451
0.0,TCGA-02-0451-01A-01-BS1_755.png,3314,TCGA-02-0451
0.0,TCGA-02-0451-01A-01-BS1_791.png,3315,TCGA-02-0451
0.0,TCGA-02-0451-01A-01-BS1_827.png,3316,TCGA-02-0451
0.0,TCGA-02-0451-01A-01-BS1_863.png,3317,TCGA-02-0451
0.0,TCGA-02-0451-01A-01-BS1_899.png,3318,TCGA-02-0451
0.0,TCGA-02-0451-01A-01-BS1_935.png,3319,TCGA-02-0451
0.0,TCGA-02-0451-01A-01-BS1_971.png,3320,TCGA-02-0451
1857.0,TCGA-02-0451-01A-01-TS1_1041.png,3321,TCGA-02-0451
2370.0,TCGA-02-0451-01A-01-TS1_1042.png,3322,TCGA-02-0451
2162.0,TCGA-02-0451-01A-01-TS1_1043.png,3323,TCGA-02-0451
1587.0,TCGA-02-0451-01A-01-TS1_1093.png,3324,TCGA-02-0451
1525.0,TCGA-02-0451-01A-01-TS1_1094.png,3325,TCGA-02-0451
2143.0,TCGA-02-0451-01A-01-TS1_1095.png,3326,TCGA-02-0451
1803.0,TCGA-02-0451-01A-01-TS1_1145.png,3327,TCGA-02-0451
1951.0,TCGA-02-0451-01A-01-TS1_1146.png,3328,TCGA-02-0451
1959.0,TCGA-02-0451-01A-01-TS1_1147.png,3329,TCGA-02-0451
2137.0,TCGA-02-0451-01A-01-TS1_176.png,3330,TCGA-02-0451
1795.0,TCGA-02-0451-01A-01-TS1_177.png,3331,TCGA-02-0451
2197.0,TCGA-02-0451-01A-01-TS1_406.png,3332,TCGA-02-0451
1856.0,TCGA-02-0451-01A-01-TS1_499.png,3333,TCGA-02-0451
2207.0,TCGA-02-0451-01A-01-TS1_501.png,3334,TCGA-02-0451
1958.0,TCGA-02-0451-01A-01-TS1_938.png,3335,TCGA-02-0451
2453.0,TCGA-02-0451-01A-01-TS1_939.png,3336,TCGA-02-0451
2311.0,TCGA-02-0451-01A-01-TS1_940.png,3337,TCGA-02-0451
2290.0,TCGA-02-0451-01A-01-TS1_990.png,3338,TCGA-02-0451
2511.0,TCGA-02-0451-01A-01-TS1_991.png,3339,TCGA-02-0451
2124.0,TCGA-02-0451-01A-01-TS1_992.png,3340,TCGA-02-0451
0.0,TCGA-02-0456-01A-01-BS1_1066.png,3341,TCGA-02-0456
0.0,TCGA-02-0456-01A-01-BS1_1069.png,3342,TCGA-02-0456
0.0,TCGA-02-0456-01A-01-BS1_1070.png,3343,TCGA-02-0456
0.0,TCGA-02-0456-01A-01-BS1_1071.png,3344,TCGA-02-0456
0.0,TCGA-02-0456-01A-01-BS1_1072.png,3345,TCGA-02-0456
0.0,TCGA-02-0456-01A-01-BS1_1073.png,3346,TCGA-02-0456
0.0,TCGA-02-0456-01A-01-BS1_1074.png,3347,TCGA-02-0456
0.0,TCGA-02-0456-01A-01-BS1_1075.png,3348,TCGA-02-0456
0.0,TCGA-02-0456-01A-01-BS1_1076.png,3349,TCGA-02-0456
0.0,TCGA-02-0456-01A-01-BS1_1077.png,3350,TCGA-02-0456
0.0,TCGA-02-0456-01A-01-BS1_1078.png,3351,TCGA-02-0456
0.0,TCGA-02-0456-01A-01-BS1_1079.png,3352,TCGA-02-0456
0.0,TCGA-02-0456-01A-01-BS1_1080.png,3353,TCGA-02-0456
0.0,TCGA-02-0456-01A-01-BS1_1081.png,3354,TCGA-02-0456
0.0,TCGA-02-0456-01A-01-BS1_1082.png,3355,TCGA-02-0456
0.0,TCGA-02-0456-01A-01-BS1_1083.png,3356,TCGA-02-0456
0.0,TCGA-02-0456-01A-01-BS1_1084.png,3357,TCGA-02-0456
0.0,TCGA-02-0456-01A-01-BS1_1085.png,3358,TCGA-02-0456
0.0,TCGA-02-0456-01A-01-BS1_1086.png,3359,TCGA-02-0456
0.0,TCGA-02-0456-01A-01-BS1_1087.png,3360,TCGA-02-0456
0.0,TCGA-02-0456-01A-01-TS1_035.png,3361,TCGA-02-0456
0.0,TCGA-02-0456-01A-01-TS1_071.png,3362,TCGA-02-0456
0.0,TCGA-02-0456-01A-01-TS1_1007.png,3363,TCGA-02-0456
0.0,TCGA-02-0456-01A-01-TS1_107.png,3364,TCGA-02-0456
0.0,TCGA-02-0456-01A-01-TS1_143.png,3365,TCGA-02-0456
0.0,TCGA-02-0456-01A-01-TS1_179.png,3366,TCGA-02-0456
0.0,TCGA-02-0456-01A-01-TS1_323.png,3367,TCGA-02-0456
0.0,TCGA-02-0456-01A-01-TS1_359.png,3368,TCGA-02-0456
0.0,TCGA-02-0456-01A-01-TS1_431.png,3369,TCGA-02-0456
0.0,TCGA-02-0456-01A-01-TS1_539.png,3370,TCGA-02-0456
0.0,TCGA-02-0456-01A-01-TS1_647.png,3371,TCGA-02-0456
0.0,TCGA-02-0456-01A-01-TS1_683.png,3372,TCGA-02-0456
0.0,TCGA-02-0456-01A-01-TS1_719.png,3373,TCGA-02-0456
0.0,TCGA-02-0456-01A-01-TS1_755.png,3374,TCGA-02-0456
0.0,TCGA-02-0456-01A-01-TS1_791.png,3375,TCGA-02-0456
0.0,TCGA-02-0456-01A-01-TS1_827.png,3376,TCGA-02-0456
0.0,TCGA-02-0456-01A-01-TS1_863.png,3377,TCGA-02-0456
0.0,TCGA-02-0456-01A-01-TS1_899.png,3378,TCGA-02-0456
0.0,TCGA-02-0456-01A-01-TS1_935.png,3379,TCGA-02-0456
0.0,TCGA-02-0456-01A-01-TS1_971.png,3380,TCGA-02-0456
0.0,TCGA-02-2466-01A-01-BS1_624.png,3381,TCGA-02-2466
1.0,TCGA-02-2466-01A-01-BS1_627.png,3382,TCGA-02-2466
0.0,TCGA-02-2466-01A-01-BS1_628.png,3383,TCGA-02-2466
0.0,TCGA-02-2466-01A-01-BS1_629.png,3384,TCGA-02-2466
0.0,TCGA-02-2466-01A-01-BS1_630.png,3385,TCGA-02-2466
0.0,TCGA-02-2466-01A-01-BS1_631.png,3386,TCGA-02-2466
0.0,TCGA-02-2466-01A-01-BS1_632.png,3387,TCGA-02-2466
0.0,TCGA-02-2466-01A-01-BS1_633.png,3388,TCGA-02-2466
0.0,TCGA-02-2466-01A-01-BS1_634.png,3389,TCGA-02-2466
0.0,TCGA-02-2466-01A-01-BS1_635.png,3390,TCGA-02-2466
0.0,TCGA-02-2466-01A-01-BS1_637.png,3391,TCGA-02-2466
0.0,TCGA-02-2466-01A-01-BS1_639.png,3392,TCGA-02-2466
0.0,TCGA-02-2466-01A-01-BS1_640.png,3393,TCGA-02-2466
0.0,TCGA-02-2466-01A-01-BS1_643.png,3394,TCGA-02-2466
0.0,TCGA-02-2466-01A-01-BS1_644.png,3395,TCGA-02-2466
0.0,TCGA-02-2466-01A-01-BS1_645.png,3396,TCGA-02-2466
0.0,TCGA-02-2466-01A-01-BS1_646.png,3397,TCGA-02-2466
0.0,TCGA-02-2466-01A-01-BS1_647.png,3398,TCGA-02-2466
0.0,TCGA-02-2466-01A-01-BS1_648.png,3399,TCGA-02-2466
0.0,TCGA-02-2466-01A-01-BS1_649.png,3400,TCGA-02-2466
0.0,TCGA-02-2466-01A-01-TS1_033.png,3401,TCGA-02-2466
0.0,TCGA-02-2466-01A-01-TS1_101.png,3402,TCGA-02-2466
0.0,TCGA-02-2466-01A-01-TS1_373.png,3403,TCGA-02-2466
0.0,TCGA-02-2466-01A-01-TS1_441.png,3404,TCGA-02-2466
0.0,TCGA-02-2466-01A-01-TS1_475.png,3405,TCGA-02-2466
0.0,TCGA-02-2466-01A-01-TS1_509.png,3406,TCGA-02-2466
0.0,TCGA-02-2466-01A-01-TS1_543.png,3407,TCGA-02-2466
0.0,TCGA-02-2466-01A-01-TS1_577.png,3408,TCGA-02-2466
0.0,TCGA-02-2466-01A-01-TS1_611.png,3409,TCGA-02-2466
0.0,TCGA-02-2466-01A-01-TS1_645.png,3410,TCGA-02-2466
1.0,TCGA-02-2466-01A-01-TS1_679.png,3411,TCGA-02-2466
0.0,TCGA-02-2466-01A-01-TS1_713.png,3412,TCGA-02-2466
0.0,TCGA-02-2466-01A-01-TS1_747.png,3413,TCGA-02-2466
0.0,TCGA-02-2466-01A-01-TS1_781.png,3414,TCGA-02-2466
0.0,TCGA-02-2466-01A-01-TS1_815.png,3415,TCGA-02-2466
0.0,TCGA-02-2466-01A-01-TS1_849.png,3416,TCGA-02-2466
0.0,TCGA-02-2466-01A-01-TS1_883.png,3417,TCGA-02-2466
0.0,TCGA-02-2466-01A-01-TS1_917.png,3418,TCGA-02-2466
0.0,TCGA-02-2466-01A-01-TS1_951.png,3419,TCGA-02-2466
0.0,TCGA-02-2466-01A-01-TS1_985.png,3420,TCGA-02-2466
0.0,TCGA-02-2470-01A-01-BS1_035.png,3421,TCGA-02-2470
0.0,TCGA-02-2470-01A-01-BS1_1043.png,3422,TCGA-02-2470
0.0,TCGA-02-2470-01A-01-BS1_107.png,3423,TCGA-02-2470
0.0,TCGA-02-2470-01A-01-BS1_179.png,3424,TCGA-02-2470
0.0,TCGA-02-2470-01A-01-BS1_215.png,3425,TCGA-02-2470
0.0,TCGA-02-2470-01A-01-BS1_323.png,3426,TCGA-02-2470
0.0,TCGA-02-2470-01A-01-BS1_431.png,3427,TCGA-02-2470
0.0,TCGA-02-2470-01A-01-BS1_539.png,3428,TCGA-02-2470
0.0,TCGA-02-2470-01A-01-BS1_575.png,3429,TCGA-02-2470
0.0,TCGA-02-2470-01A-01-BS1_611.png,3430,TCGA-02-2470
0.0,TCGA-02-2470-01A-01-BS1_647.png,3431,TCGA-02-2470
0.0,TCGA-02-2470-01A-01-BS1_683.png,3432,TCGA-02-2470
0.0,TCGA-02-2470-01A-01-BS1_719.png,3433,TCGA-02-2470
0.0,TCGA-02-2470-01A-01-BS1_755.png,3434,TCGA-02-2470
0.0,TCGA-02-2470-01A-01-BS1_791.png,3435,TCGA-02-2470
0.0,TCGA-02-2470-01A-01-BS1_827.png,3436,TCGA-02-2470
0.0,TCGA-02-2470-01A-01-BS1_863.png,3437,TCGA-02-2470
0.0,TCGA-02-2470-01A-01-BS1_899.png,3438,TCGA-02-2470
0.0,TCGA-02-2470-01A-01-BS1_935.png,3439,TCGA-02-2470
0.0,TCGA-02-2470-01A-01-BS1_971.png,3440,TCGA-02-2470
0.0,TCGA-02-2470-01A-01-TS1_031.png,3441,TCGA-02-2470
0.0,TCGA-02-2470-01A-01-TS1_063.png,3442,TCGA-02-2470
0.0,TCGA-02-2470-01A-01-TS1_095.png,3443,TCGA-02-2470
0.0,TCGA-02-2470-01A-01-TS1_127.png,3444,TCGA-02-2470
0.0,TCGA-02-2470-01A-01-TS1_319.png,3445,TCGA-02-2470
0.0,TCGA-02-2470-01A-01-TS1_351.png,3446,TCGA-02-2470
1.0,TCGA-02-2470-01A-01-TS1_383.png,3447,TCGA-02-2470
0.0,TCGA-02-2470-01A-01-TS1_415.png,3448,TCGA-02-2470
0.0,TCGA-02-2470-01A-01-TS1_447.png,3449,TCGA-02-2470
0.0,TCGA-02-2470-01A-01-TS1_511.png,3450,TCGA-02-2470
0.0,TCGA-02-2470-01A-01-TS1_543.png,3451,TCGA-02-2470
0.0,TCGA-02-2470-01A-01-TS1_639.png,3452,TCGA-02-2470
0.0,TCGA-02-2470-01A-01-TS1_735.png,3453,TCGA-02-2470
0.0,TCGA-02-2470-01A-01-TS1_767.png,3454,TCGA-02-2470
0.0,TCGA-02-2470-01A-01-TS1_799.png,3455,TCGA-02-2470
0.0,TCGA-02-2470-01A-01-TS1_831.png,3456,TCGA-02-2470
0.0,TCGA-02-2470-01A-01-TS1_863.png,3457,TCGA-02-2470
0.0,TCGA-02-2470-01A-01-TS1_895.png,3458,TCGA-02-2470
0.0,TCGA-02-2470-01A-01-TS1_927.png,3459,TCGA-02-2470
0.0,TCGA-02-2470-01A-01-TS1_959.png,3460,TCGA-02-2470
0.0,TCGA-02-2483-01A-01-BS1_620.png,3461,TCGA-02-2483
0.0,TCGA-02-2483-01A-01-BS1_621.png,3462,TCGA-02-2483
0.0,TCGA-02-2483-01A-01-BS1_622.png,3463,TCGA-02-2483
0.0,TCGA-02-2483-01A-01-BS1_623.png,3464,TCGA-02-2483
0.0,TCGA-02-2483-01A-01-BS1_624.png,3465,TCGA-02-2483
0.0,TCGA-02-2483-01A-01-BS1_625.png,3466,TCGA-02-2483
2.0,TCGA-02-2483-01A-01-BS1_626.png,3467,TCGA-02-2483
1.0,TCGA-02-2483-01A-01-BS1_627.png,3468,TCGA-02-2483
0.0,TCGA-02-2483-01A-01-BS1_628.png,3469,TCGA-02-2483
0.0,TCGA-02-2483-01A-01-BS1_629.png,3470,TCGA-02-2483
1.0,TCGA-02-2483-01A-01-BS1_630.png,3471,TCGA-02-2483
0.0,TCGA-02-2483-01A-01-BS1_631.png,3472,TCGA-02-2483
0.0,TCGA-02-2483-01A-01-BS1_632.png,3473,TCGA-02-2483
0.0,TCGA-02-2483-01A-01-BS1_633.png,3474,TCGA-02-2483
0.0,TCGA-02-2483-01A-01-BS1_634.png,3475,TCGA-02-2483
0.0,TCGA-02-2483-01A-01-BS1_635.png,3476,TCGA-02-2483
0.0,TCGA-02-2483-01A-01-BS1_636.png,3477,TCGA-02-2483
1.0,TCGA-02-2483-01A-01-BS1_637.png,3478,TCGA-02-2483
0.0,TCGA-02-2483-01A-01-BS1_638.png,3479,TCGA-02-2483
0.0,TCGA-02-2483-01A-01-BS1_639.png,3480,TCGA-02-2483
0.0,TCGA-02-2483-01A-01-TS1_103.png,3481,TCGA-02-2483
0.0,TCGA-02-2483-01A-01-TS1_207.png,3482,TCGA-02-2483
15.0,TCGA-02-2483-01A-01-TS1_363.png,3483,TCGA-02-2483
0.0,TCGA-02-2483-01A-01-TS1_389.png,3484,TCGA-02-2483
1.0,TCGA-02-2483-01A-01-TS1_415.png,3485,TCGA-02-2483
0.0,TCGA-02-2483-01A-01-TS1_441.png,3486,TCGA-02-2483
0.0,TCGA-02-2483-01A-01-TS1_467.png,3487,TCGA-02-2483
0.0,TCGA-02-2483-01A-01-TS1_493.png,3488,TCGA-02-2483
0.0,TCGA-02-2483-01A-01-TS1_519.png,3489,TCGA-02-2483
0.0,TCGA-02-2483-01A-01-TS1_545.png,3490,TCGA-02-2483
0.0,TCGA-02-2483-01A-01-TS1_571.png,3491,TCGA-02-2483
0.0,TCGA-02-2483-01A-01-TS1_597.png,3492,TCGA-02-2483
0.0,TCGA-02-2483-01A-01-TS1_623.png,3493,TCGA-02-2483
0.0,TCGA-02-2483-01A-01-TS1_649.png,3494,TCGA-02-2483
0.0,TCGA-02-2483-01A-01-TS1_675.png,3495,TCGA-02-2483
0.0,TCGA-02-2483-01A-01-TS1_701.png,3496,TCGA-02-2483
0.0,TCGA-02-2483-01A-01-TS1_727.png,3497,TCGA-02-2483
0.0,TCGA-02-2483-01A-01-TS1_753.png,3498,TCGA-02-2483
0.0,TCGA-02-2483-01A-01-TS1_779.png,3499,TCGA-02-2483
0.0,TCGA-02-2483-01A-01-TS1_805.png,3500,TCGA-02-2483
0.0,TCGA-02-2485-01A-01-BS1_119.png,3501,TCGA-02-2485
0.0,TCGA-02-2485-01A-01-BS1_1519.png,3502,TCGA-02-2485
0.0,TCGA-02-2485-01A-01-BS1_159.png,3503,TCGA-02-2485
0.0,TCGA-02-2485-01A-01-BS1_279.png,3504,TCGA-02-2485
0.0,TCGA-02-2485-01A-01-BS1_399.png,3505,TCGA-02-2485
0.0,TCGA-02-2485-01A-01-BS1_439.png,3506,TCGA-02-2485
0.0,TCGA-02-2485-01A-01-BS1_479.png,3507,TCGA-02-2485
0.0,TCGA-02-2485-01A-01-BS1_519.png,3508,TCGA-02-2485
0.0,TCGA-02-2485-01A-01-BS1_559.png,3509,TCGA-02-2485
0.0,TCGA-02-2485-01A-01-BS1_599.png,3510,TCGA-02-2485
0.0,TCGA-02-2485-01A-01-BS1_639.png,3511,TCGA-02-2485
0.0,TCGA-02-2485-01A-01-BS1_679.png,3512,TCGA-02-2485
0.0,TCGA-02-2485-01A-01-BS1_719.png,3513,TCGA-02-2485
0.0,TCGA-02-2485-01A-01-BS1_759.png,3514,TCGA-02-2485
0.0,TCGA-02-2485-01A-01-BS1_799.png,3515,TCGA-02-2485
0.0,TCGA-02-2485-01A-01-BS1_839.png,3516,TCGA-02-2485
0.0,TCGA-02-2485-01A-01-BS1_879.png,3517,TCGA-02-2485
0.0,TCGA-02-2485-01A-01-BS1_919.png,3518,TCGA-02-2485
0.0,TCGA-02-2485-01A-01-BS1_959.png,3519,TCGA-02-2485
0.0,TCGA-02-2485-01A-01-BS1_999.png,3520,TCGA-02-2485
0.0,TCGA-02-2485-01A-01-TS1_125.png,3521,TCGA-02-2485
0.0,TCGA-02-2485-01A-01-TS1_1553.png,3522,TCGA-02-2485
0.0,TCGA-02-2485-01A-01-TS1_251.png,3523,TCGA-02-2485
0.0,TCGA-02-2485-01A-01-TS1_293.png,3524,TCGA-02-2485
0.0,TCGA-02-2485-01A-01-TS1_335.png,3525,TCGA-02-2485
0.0,TCGA-02-2485-01A-01-TS1_377.png,3526,TCGA-02-2485
0.0,TCGA-02-2485-01A-01-TS1_419.png,3527,TCGA-02-2485
0.0,TCGA-02-2485-01A-01-TS1_461.png,3528,TCGA-02-2485
0.0,TCGA-02-2485-01A-01-TS1_503.png,3529,TCGA-02-2485
0.0,TCGA-02-2485-01A-01-TS1_545.png,3530,TCGA-02-2485
0.0,TCGA-02-2485-01A-01-TS1_587.png,3531,TCGA-02-2485
0.0,TCGA-02-2485-01A-01-TS1_629.png,3532,TCGA-02-2485
0.0,TCGA-02-2485-01A-01-TS1_671.png,3533,TCGA-02-2485
0.0,TCGA-02-2485-01A-01-TS1_713.png,3534,TCGA-02-2485
0.0,TCGA-02-2485-01A-01-TS1_755.png,3535,TCGA-02-2485
0.0,TCGA-02-2485-01A-01-TS1_797.png,3536,TCGA-02-2485
0.0,TCGA-02-2485-01A-01-TS1_839.png,3537,TCGA-02-2485
0.0,TCGA-02-2485-01A-01-TS1_881.png,3538,TCGA-02-2485
0.0,TCGA-02-2485-01A-01-TS1_923.png,3539,TCGA-02-2485
0.0,TCGA-02-2485-01A-01-TS1_965.png,3540,TCGA-02-2485
1186.0,TCGA-02-2486-01A-01-BS1_118.png,3541,TCGA-02-2486
2291.0,TCGA-02-2486-01A-01-BS1_266.png,3542,TCGA-02-2486
0.0,TCGA-02-2486-01A-01-BS1_324.png,3543,TCGA-02-2486
0.0,TCGA-02-2486-01A-01-BS1_325.png,3544,TCGA-02-2486
0.0,TCGA-02-2486-01A-01-BS1_326.png,3545,TCGA-02-2486
1.0,TCGA-02-2486-01A-01-BS1_327.png,3546,TCGA-02-2486
0.0,TCGA-02-2486-01A-01-BS1_328.png,3547,TCGA-02-2486
0.0,TCGA-02-2486-01A-01-BS1_329.png,3548,TCGA-02-2486
0.0,TCGA-02-2486-01A-01-BS1_330.png,3549,TCGA-02-2486
0.0,TCGA-02-2486-01A-01-BS1_331.png,3550,TCGA-02-2486
0.0,TCGA-02-2486-01A-01-BS1_332.png,3551,TCGA-02-2486
0.0,TCGA-02-2486-01A-01-BS1_333.png,3552,TCGA-02-2486
0.0,TCGA-02-2486-01A-01-BS1_334.png,3553,TCGA-02-2486
0.0,TCGA-02-2486-01A-01-BS1_335.png,3554,TCGA-02-2486
0.0,TCGA-02-2486-01A-01-BS1_336.png,3555,TCGA-02-2486
0.0,TCGA-02-2486-01A-01-BS1_337.png,3556,TCGA-02-2486
0.0,TCGA-02-2486-01A-01-BS1_338.png,3557,TCGA-02-2486
0.0,TCGA-02-2486-01A-01-BS1_339.png,3558,TCGA-02-2486
0.0,TCGA-02-2486-01A-01-BS1_340.png,3559,TCGA-02-2486
0.0,TCGA-02-2486-01A-01-BS1_341.png,3560,TCGA-02-2486
0.0,TCGA-02-2486-01A-01-TS1_528.png,3561,TCGA-02-2486
0.0,TCGA-02-2486-01A-01-TS1_529.png,3562,TCGA-02-2486
0.0,TCGA-02-2486-01A-01-TS1_531.png,3563,TCGA-02-2486
0.0,TCGA-02-2486-01A-01-TS1_532.png,3564,TCGA-02-2486
2.0,TCGA-02-2486-01A-01-TS1_533.png,3565,TCGA-02-2486
1.0,TCGA-02-2486-01A-01-TS1_534.png,3566,TCGA-02-2486
0.0,TCGA-02-2486-01A-01-TS1_535.png,3567,TCGA-02-2486
0.0,TCGA-02-2486-01A-01-TS1_536.png,3568,TCGA-02-2486
0.0,TCGA-02-2486-01A-01-TS1_537.png,3569,TCGA-02-2486
0.0,TCGA-02-2486-01A-01-TS1_538.png,3570,TCGA-02-2486
0.0,TCGA-02-2486-01A-01-TS1_539.png,3571,TCGA-02-2486
0.0,TCGA-02-2486-01A-01-TS1_540.png,3572,TCGA-02-2486
0.0,TCGA-02-2486-01A-01-TS1_541.png,3573,TCGA-02-2486
0.0,TCGA-02-2486-01A-01-TS1_542.png,3574,TCGA-02-2486
0.0,TCGA-02-2486-01A-01-TS1_543.png,3575,TCGA-02-2486
0.0,TCGA-02-2486-01A-01-TS1_544.png,3576,TCGA-02-2486
0.0,TCGA-02-2486-01A-01-TS1_547.png,3577,TCGA-02-2486
0.0,TCGA-02-2486-01A-01-TS1_548.png,3578,TCGA-02-2486
0.0,TCGA-02-2486-01A-01-TS1_550.png,3579,TCGA-02-2486
